source	file	sha256
hotnetR	DESCRIPTION	29d5944f8f9ae81ce917074fd5ec8187c4d443fefc49c09e67a11e8c6aa33eee
hotnetR	NAMESPACE	2578f77cdf72380c5fa84f58534d3c426c896c7f817612c41e9935088108c382
hotnetR	R/data.R	311eae1ed91851efeb329ffc7c06925d5df1fe781d178339fe0e8197f971bf9e
hotnetR	R/datasets.R	90ad4c09d3d60afeb92ee89fdb113aebff16daab659969d8c665d1e897229a28
hotnetR	R/download_GTEx.R	7761cf1300168896f780219a8c42393745acd7d1526873822dfd90cad60b4499
hotnetR	R/download_HiC.R	e990eace8b11ecc3ff2675ad3b92a1dc1997db6c5bad80e123a980bbcdecbf53
hotnetR	R/download_JEME.R	e7c23414973100e6c655fb804965ef716f284aa27ec09be39b850dac321438b7
hotnetR	R/globals.R	4f84e5ad0e50a0aa4f1cbba6d18f4a67e9ab1af35e7cff36490d32b95061427a
hotnetR	R/graph.R	ee70676910f6769c5140ae519e9cb26f0834ad2bcc98a037b086bf383b67a67e
hotnetR	R/harmonization_setup.R	0249859d13a28b70055f8e42e60cd1fe920a94c13dd3c5d593388018d5688b64
hotnetR	R/HiC_access.R	393598e2e4258c578da5027f532104973ea2858e2e0437d0e93ed1a417a164e9
hotnetR	R/hotnetR.R	fa5507e52889ecc67aab87b47c2b5cc606ae986f3759abdc9566a1a9ad4392e3
hotnetR	R/JEME_access.R	d9f6e200a3ba827d7850b48162e4f2f8049bac7dbc540428df0a5b0b8d5a1493
hotnetR	R/ldak_utils.R	cd426b933b17ce91e0155ddac529a3ea8af113f4aaeeb638f7524e3f1d10b9ad
hotnetR	R/r_utils.R	030242e0010dfb25d3a5a3257277acb45b1f3691a78196a4a9588f754a17d7f5
hotnetR	R/setup.R	bc6e3a8d937db6e791e898bc3160243c70305f4eb83ff594ddce479e31edf115
hotnetR	R/string.R	84eb6a6fa09abee8c5e81d7aa8f1c1f342065291edd32e5387fb5600b798a22f
hotnetR	R/summary.R	0990a1126c2bfd532e0f1410fdcdc71500f3a25e1a2fddf4d80645983830da87
v2_helper	DESCRIPTION	1f9c3d0c05080b446a4420b313972deadacd7eff76a8e4c417ab21b3715c65da
v2_helper	NAMESPACE	56016c75da89e524a5a2af3b37fae9a86d404ffdc30e72b389605bd58e6ff186
v2_helper	R/aracne_harmonization.R	f0a9884a4fde05d35761c0ebc0086c07a6623b1f62ea811febecee79d08dbfb9
v2_helper	R/config.R	ad311b0c92faced02e7f440dafde8ddc6d368bc9c4249dc3932661fef261f135
v2_helper	R/globals.R	2114c8c05659d9e6970bf51d23819aef78e7518a4ff662a3cf0de1241a5c19cf
v2_helper	R/hhotnet_completion.R	5a4950422d58897e63e232855e5c8c28c68f3afdc9ada6824e00c640d0e6c05e
v2_helper	R/hhotnet_jobs.R	282b7a9f6b31e52352ff5eabdefa566a1ae66e55ecb7c6304bcb90705c58e4d3
v2_helper	R/hhotnet_results.R	93ea3b37d608bc31e7951ce9c517d392d2bce7a42966257fd38554bae933b1e9
v2_helper	R/hhotnet_validation.R	f6dbb23ff2227c1381f64118346fb13c217efc87e8a594244c43d80c4417591f
v2_helper	R/ldak_annotations.R	a5a1750ec443378e1e67ab4d46e6d0f57cee198c3dc7bd139b2b88870564f90b
v2_helper	R/ldak_jobs.R	d00ec88c0fe50561aba8099a8a8863b874aec4131104b5610679a311d5004efa
v2_helper	R/ldak_summary.R	5150fb65d6b94926db6131edf6e5687436fc5cc47851dbbe12fed3ba9204481c
v2_helper	R/network_construction.R	7c6d139b791a5aa5295b401ef103c6305d2bdf3f48550882227de77f4fc8957b
v2_helper	R/promoter_harmonization.R	97b33748731c4891dc9a72fca6838e1645e82f42b50927b271ce3ee6cd7d5da0
v2_helper	R/provenance.R	1cf2bf3dc6bc970ee8bdadd3bb048ab919c853a2f8227f8249bc453cf61b66da
v2_helper	R/setup.R	cbc0c525452de6cd702b9e44b65d4386eb0af881ca14760f91bc21d13fa281b5
v3_helper	DESCRIPTION	7b0a14e858cc5ba9dd10a5f99113494d966b61cb42d5ece398d8f5a9afe6cdfd
v3_helper	NAMESPACE	56016c75da89e524a5a2af3b37fae9a86d404ffdc30e72b389605bd58e6ff186
v3_helper	R/aracne_harmonization.R	f0a9884a4fde05d35761c0ebc0086c07a6623b1f62ea811febecee79d08dbfb9
v3_helper	R/config.R	9e0a1f59f3a74fddec4483dee05ae6265c0b4c0cede10da15239b83c90268062
v3_helper	R/globals.R	2114c8c05659d9e6970bf51d23819aef78e7518a4ff662a3cf0de1241a5c19cf
v3_helper	R/hhotnet_completion.R	5a4950422d58897e63e232855e5c8c28c68f3afdc9ada6824e00c640d0e6c05e
v3_helper	R/hhotnet_jobs.R	282b7a9f6b31e52352ff5eabdefa566a1ae66e55ecb7c6304bcb90705c58e4d3
v3_helper	R/hhotnet_results.R	93ea3b37d608bc31e7951ce9c517d392d2bce7a42966257fd38554bae933b1e9
v3_helper	R/hhotnet_validation.R	f6dbb23ff2227c1381f64118346fb13c217efc87e8a594244c43d80c4417591f
v3_helper	R/ldak_annotations.R	df257d5d41e3499ecd90acbc24c9c1de16e291fc8f6d752e63546b80f3659b13
v3_helper	R/ldak_jobs.R	d00ec88c0fe50561aba8099a8a8863b874aec4131104b5610679a311d5004efa
v3_helper	R/ldak_summary.R	5150fb65d6b94926db6131edf6e5687436fc5cc47851dbbe12fed3ba9204481c
v3_helper	R/network_construction.R	7c6d139b791a5aa5295b401ef103c6305d2bdf3f48550882227de77f4fc8957b
v3_helper	R/promoter_harmonization.R	97b33748731c4891dc9a72fca6838e1645e82f42b50927b271ce3ee6cd7d5da0
v3_helper	R/provenance.R	1cf2bf3dc6bc970ee8bdadd3bb048ab919c853a2f8227f8249bc453cf61b66da
v3_helper	R/setup.R	cbc0c525452de6cd702b9e44b65d4386eb0af881ca14760f91bc21d13fa281b5
