Package	Version	Built
abind	1.4-8	R 4.6.0; ; 2026-04-25 15:40:28 UTC; unix
BH	1.90.0-1	R 4.6.0; ; 2026-04-25 15:48:04 UTC; unix
Biobase	2.72.0	R 4.6.0; aarch64-apple-darwin23; 2026-04-29 04:34:42 UTC; unix
BiocGenerics	0.58.1	R 4.6.0; ; 2026-05-14 10:19:55 UTC; unix
BiocIO	1.22.0	R 4.6.0; ; 2026-04-29 04:34:50 UTC; unix
BiocParallel	1.46.0	R 4.6.0; aarch64-apple-darwin23; 2026-04-29 04:34:55 UTC; unix
Biostrings	2.80.2	R 4.6.1; aarch64-apple-darwin23; 2026-09-01 20:19:33 UTC; unix
brew	1.0-10	R 4.6.0; ; 2026-04-25 15:48:21 UTC; unix
cigarillo	1.2.1	R 4.6.1; aarch64-apple-darwin23; 2026-07-13 21:44:13 UTC; unix
commonmark	2.0.0	R 4.6.0; aarch64-apple-darwin23; 2026-04-25 09:27:57 UTC; unix
DelayedArray	0.38.2	R 4.6.0; ; 2026-05-26 21:59:25 UTC; unix
formatR	1.14	R 4.6.0; ; 2026-04-25 16:41:06 UTC; unix
futile.logger	1.4.9	R 4.6.0; ; 2026-04-25 23:53:51 UTC; unix
futile.options	1.0.1	R 4.6.0; ; 2026-04-25 16:57:16 UTC; unix
GenomicAlignments	1.48.0	R 4.6.0; aarch64-apple-darwin23; 2026-04-29 04:44:21 UTC; unix
GenomicRanges	1.64.0	R 4.6.0; ; 2026-04-29 04:44:31 UTC; unix
hotnetR2	0.0.1	R 4.6.1; ; 2026-09-08 05:07:37 UTC; unix
IRanges	2.46.0	R 4.6.0; aarch64-apple-darwin23; 2026-04-29 04:47:28 UTC; unix
lambda.r	1.2.4	R 4.6.0; ; 2026-04-25 16:57:16 UTC; unix
MatrixGenerics	1.24.0	R 4.6.0; ; 2026-04-29 04:49:00 UTC; unix
matrixStats	1.5.0	R 4.6.0; aarch64-apple-darwin23; 2026-04-25 15:45:26 UTC; unix
RCurl	1.98-1.20	R 4.6.1; aarch64-apple-darwin23; 2026-08-22 00:30:18 UTC; unix
rdtools	0.1.0	R 4.6.1; aarch64-apple-darwin23; 2026-07-16 18:11:11 UTC; unix
restfulr	0.0.17	R 4.6.0; aarch64-apple-darwin23; 2026-06-11 06:32:02 UTC; unix
Rhtslib	3.8.0	R 4.6.0; aarch64-apple-darwin23; 2026-04-29 04:57:17 UTC; unix
rjson	0.2.23	R 4.6.0; aarch64-apple-darwin23; 2026-04-25 16:08:28 UTC; unix
roxygen2	8.1.0	R 4.6.1; aarch64-apple-darwin23; 2026-08-04 23:51:08 UTC; unix
Rsamtools	2.28.0	R 4.6.0; aarch64-apple-darwin23; 2026-04-30 03:25:13 UTC; unix
rtracklayer	1.72.0	R 4.6.0; aarch64-apple-darwin23; 2026-04-29 04:58:47 UTC; unix
S4Arrays	1.12.0	R 4.6.0; aarch64-apple-darwin23; 2026-04-29 04:58:51 UTC; unix
S4Vectors	0.50.2	R 4.6.1; aarch64-apple-darwin23; 2026-08-20 20:13:21 UTC; unix
Seqinfo	1.2.0	R 4.6.0; ; 2026-04-29 05:00:42 UTC; unix
snow	0.4-4	R 4.6.0; ; 2026-04-25 15:55:05 UTC; unix
SparseArray	1.12.2	R 4.6.0; aarch64-apple-darwin23; 2026-05-02 03:43:14 UTC; unix
SummarizedExperiment	1.42.0	R 4.6.0; ; 2026-04-29 05:03:04 UTC; unix
XML	3.99-0.24	R 4.6.1; aarch64-apple-darwin23; 2026-08-22 00:27:40 UTC; unix
XVector	0.52.0	R 4.6.0; aarch64-apple-darwin23; 2026-04-29 05:05:37 UTC; unix
askpass	1.2.1	R 4.6.0; aarch64-apple-darwin23; 2026-04-25 23:17:34 UTC; unix
backports	1.5.1	R 4.6.0; aarch64-apple-darwin23; 2026-04-25 15:41:25 UTC; unix
base64enc	0.1-6	R 4.6.0; aarch64-apple-darwin23; 2026-04-25 15:38:42 UTC; unix
BiocManager	1.30.27	R 4.6.0; ; 2026-04-25 15:56:04 UTC; unix
BiocVersion	3.23.1	R 4.6.0; ; 2026-03-01 08:32:25 UTC; unix
bit	4.6.0	R 4.6.0; aarch64-apple-darwin23; 2026-04-25 15:45:18 UTC; unix
bit64	4.8.6	R 4.6.1; aarch64-apple-darwin23; 2026-09-01 12:40:57 UTC; unix
bitops	1.1-0	R 4.6.1; aarch64-apple-darwin23; 2026-07-30 18:09:30 UTC; unix
blob	1.3.0	R 4.6.0; ; 2026-04-25 23:18:16 UTC; unix
brio	1.1.5	R 4.6.0; aarch64-apple-darwin23; 2026-04-25 15:54:00 UTC; unix
broom	1.0.13	R 4.6.0; ; 2026-05-14 05:30:47 UTC; unix
bslib	0.12.0	R 4.6.1; ; 2026-08-04 04:11:06 UTC; unix
cachem	1.1.0	R 4.6.0; aarch64-apple-darwin23; 2026-04-25 23:13:45 UTC; unix
callr	3.8.0	R 4.6.0; ; 2026-06-05 15:30:17 UTC; unix
caTools	1.18.4	R 4.6.1; aarch64-apple-darwin23; 2026-07-20 13:01:28 UTC; unix
cellranger	1.1.0	R 4.6.0; ; 2026-04-26 05:17:23 UTC; unix
chron	2.3-63	R 4.6.1; aarch64-apple-darwin23; 2026-07-15 08:38:54 UTC; unix
cli	3.6.6	R 4.6.0; aarch64-apple-darwin23; 2026-04-25 15:39:10 UTC; unix
clipr	0.8.1	R 4.6.0; ; 2026-05-25 08:30:02 UTC; unix
conflicted	1.2.0	R 4.6.0; ; 2026-04-26 02:30:17 UTC; unix
cpp11	0.5.5	R 4.6.0; ; 2026-05-06 16:42:29 UTC; unix
crayon	1.5.3	R 4.6.0; ; 2026-04-25 15:44:21 UTC; unix
curl	8.0.0	R 4.6.1; aarch64-apple-darwin23; 2026-08-25 18:01:50 UTC; unix
data.table	1.18.6.1	R 4.6.1; aarch64-apple-darwin23; 2026-08-24 13:00:59 UTC; unix
DBI	1.3.0	R 4.6.0; ; 2026-04-25 15:47:33 UTC; unix
dbplyr	2.6.0	R 4.6.0; ; 2026-06-18 00:56:28 UTC; unix
desc	1.4.3	R 4.6.0; ; 2026-04-25 15:48:08 UTC; unix
diffobj	0.3.8	R 4.6.1; aarch64-apple-darwin23; 2026-07-17 21:40:44 UTC; unix
digest	0.6.39	R 4.6.0; aarch64-apple-darwin23; 2026-04-25 15:38:59 UTC; unix
dplyr	1.2.1	R 4.6.0; aarch64-apple-darwin23; 2026-04-26 11:09:07 UTC; unix
dtplyr	1.3.3	R 4.6.0; ; 2026-04-26 11:14:03 UTC; unix
evaluate	1.0.5	R 4.6.0; ; 2026-04-25 15:39:47 UTC; unix
farver	2.1.2	R 4.6.0; aarch64-apple-darwin23; 2026-04-25 15:40:10 UTC; unix
fastmap	1.2.0	R 4.6.0; aarch64-apple-darwin23; 2026-04-25 15:38:44 UTC; unix
fontawesome	0.5.3	R 4.6.0; ; 2026-04-26 02:18:26 UTC; unix
forcats	1.0.1	R 4.6.0; ; 2026-04-26 11:09:08 UTC; unix
fs	2.1.0	R 4.6.0; aarch64-apple-darwin23; 2026-04-25 15:39:15 UTC; unix
gargle	1.6.1	R 4.6.0; ; 2026-04-26 05:25:33 UTC; unix
generics	0.1.4	R 4.6.0; ; 2026-04-25 15:40:57 UTC; unix
ggplot2	4.0.3	R 4.6.0; ; 2026-04-26 05:16:05 UTC; unix
glue	1.8.1	R 4.6.0; aarch64-apple-darwin23; 2026-04-25 15:39:32 UTC; unix
googledrive	2.1.2	R 4.6.0; ; 2026-04-26 11:16:52 UTC; unix
googlesheets4	1.1.2	R 4.6.0; ; 2026-04-26 15:57:49 UTC; unix
gplots	3.3.0	R 4.6.0; ; 2026-04-25 16:12:09 UTC; unix
gsubfn	0.7	R 4.6.0; ; 2026-04-25 16:21:32 UTC; unix
gtable	0.3.6	R 4.6.0; ; 2026-04-26 02:18:41 UTC; unix
gtexr	0.2.1	R 4.6.0; ; 2026-04-26 18:50:47 UTC; unix
gtools	3.9.5	R 4.6.0; aarch64-apple-darwin23; 2026-04-25 16:00:02 UTC; unix
hash	2.2.6.4	R 4.6.0; ; 2026-04-25 16:26:58 UTC; unix
haven	2.5.5	R 4.6.0; aarch64-apple-darwin23; 2026-04-25 12:39:12 UTC; unix
here	1.0.2	R 4.6.0; ; 2026-04-25 15:50:06 UTC; unix
highr	0.12	R 4.6.0; ; 2026-04-25 23:14:12 UTC; unix
hms	1.1.4	R 4.6.0; ; 2026-04-25 23:15:47 UTC; unix
hotnethelper	0.6.0	R 4.6.1; ; 2026-09-07 03:26:03 UTC; unix
hotnetR	0.4.6.2	R 4.6.1; ; 2026-09-01 19:07:06 UTC; unix
htmltools	0.5.9	R 4.6.0; aarch64-apple-darwin23; 2026-04-25 23:13:58 UTC; unix
httr	1.4.8	R 4.6.0; ; 2026-04-26 05:16:18 UTC; unix
httr2	1.3.0	R 4.6.1; ; 2026-07-13 23:43:55 UTC; unix
ids	1.0.1	R 4.6.0; ; 2026-04-26 02:30:21 UTC; unix
igraph	2.3.3	R 4.6.1; aarch64-apple-darwin23; 2026-06-26 14:46:42 UTC; unix
isoband	0.3.0	R 4.6.0; aarch64-apple-darwin23; 2026-04-25 23:14:25 UTC; unix
jquerylib	0.1.4	R 4.6.0; ; 2026-04-26 02:18:12 UTC; unix
jsonlite	2.0.0	R 4.6.0; aarch64-apple-darwin23; 2026-04-25 15:39:00 UTC; unix
knitr	1.51	R 4.6.0; ; 2026-04-26 02:18:51 UTC; unix
labeling	0.4.3	R 4.6.0; ; 2026-04-25 15:40:07 UTC; unix
lifecycle	1.0.5	R 4.6.0; ; 2026-04-25 10:32:18 UTC; unix
lubridate	1.9.5	R 4.6.0; aarch64-apple-darwin23; 2026-04-25 23:16:04 UTC; unix
magrittr	2.0.5	R 4.6.0; aarch64-apple-darwin23; 2026-04-25 15:39:33 UTC; unix
memoise	2.0.1	R 4.6.0; ; 2026-04-26 02:18:19 UTC; unix
mime	0.13	R 4.6.0; aarch64-apple-darwin23; 2026-04-25 15:38:55 UTC; unix
modelr	0.1.11	R 4.6.0; ; 2026-04-25 13:55:06 UTC; unix
openssl	2.4.2	R 4.6.0; aarch64-apple-darwin23; 2026-06-09 16:28:40 UTC; unix
otel	0.2.0	R 4.6.0; ; 2026-04-25 15:39:31 UTC; unix
pillar	1.11.1	R 4.6.0; ; 2026-04-25 11:14:26 UTC; unix
pkgbuild	1.4.8	R 4.6.0; ; 2026-04-26 05:15:34 UTC; unix
pkgconfig	2.0.3	R 4.6.0; ; 2026-04-25 15:40:59 UTC; unix
pkgload	1.5.3	R 4.6.0; ; 2026-06-15 18:08:46 UTC; unix
plotrix	3.8-14	R 4.6.0; ; 2026-04-25 15:44:12 UTC; unix
plyr	1.8.9	R 4.6.0; aarch64-apple-darwin23; 2026-04-25 15:43:36 UTC; unix
png	0.1-9	R 4.6.0; aarch64-apple-darwin23; 2026-04-25 15:50:44 UTC; unix
praise	1.0.0	R 4.6.0; ; 2026-04-25 15:54:02 UTC; unix
prettyunits	1.2.0	R 4.6.0; ; 2026-04-25 15:44:33 UTC; unix
processx	3.9.0	R 4.6.0; aarch64-apple-darwin23; 2026-04-25 23:18:04 UTC; unix
progress	1.2.3	R 4.6.0; ; 2026-04-25 23:16:07 UTC; unix
proto	1.0.0	R 4.6.0; ; 2026-04-25 15:51:36 UTC; unix
ps	1.9.3	R 4.6.0; aarch64-apple-darwin23; 2026-04-25 15:48:33 UTC; unix
purrr	1.2.2	R 4.6.0; aarch64-apple-darwin23; 2026-04-25 11:14:29 UTC; unix
R6	2.6.1	R 4.6.0; ; 2026-04-25 15:39:09 UTC; unix
ragg	1.5.2	R 4.6.0; aarch64-apple-darwin23; 2026-04-25 23:22:07 UTC; unix
rappdirs	0.3.4	R 4.6.0; aarch64-apple-darwin23; 2026-04-25 09:27:56 UTC; unix
RColorBrewer	1.1-3	R 4.6.0; ; 2026-04-25 15:40:08 UTC; unix
Rcpp	1.1.2	R 4.6.1; aarch64-apple-darwin23; 2026-07-05 10:40:15 UTC; unix
readr	2.2.0	R 4.6.0; aarch64-apple-darwin23; 2026-04-26 15:50:28 UTC; unix
readxl	1.5.0	R 4.6.0; aarch64-apple-darwin23; 2026-05-17 02:16:09 UTC; unix
rematch	2.0.0	R 4.6.0; ; 2026-04-25 15:51:36 UTC; unix
rematch2	2.1.2	R 4.6.0; ; 2026-04-26 05:20:50 UTC; unix
reprex	2.1.1	R 4.6.0; ; 2026-04-26 11:16:56 UTC; unix
rlang	1.3.0	R 4.6.1; aarch64-apple-darwin23; 2026-07-05 10:40:38 UTC; unix
rmarkdown	2.31	R 4.6.0; ; 2026-04-26 11:07:48 UTC; unix
rprojroot	2.1.1	R 4.6.0; ; 2026-04-25 15:48:39 UTC; unix
RSQLite	3.53.3	R 4.6.1; aarch64-apple-darwin23; 2026-07-01 02:43:36 UTC; unix
rstudioapi	0.19.0	R 4.6.0; ; 2026-06-12 01:39:39 UTC; unix
rvest	1.0.5	R 4.6.0; ; 2026-04-26 05:22:36 UTC; unix
S7	0.2.2	R 4.6.0; aarch64-apple-darwin23; 2026-04-25 09:28:03 UTC; unix
sass	0.4.10	R 4.6.0; aarch64-apple-darwin23; 2026-04-26 02:19:08 UTC; unix
scales	1.4.0	R 4.6.0; ; 2026-04-25 23:14:37 UTC; unix
selectr	0.6-0	R 4.6.1; ; 2026-06-23 07:04:50 UTC; unix
sqldf	0.4-12	R 4.6.0; ; 2026-04-26 02:50:37 UTC; unix
STRINGdb	2.24.0	R 4.6.0; ; 2026-04-29 05:02:59 UTC; unix
stringi	1.8.9	R 4.6.1; aarch64-apple-darwin23; 2026-08-04 18:11:06 UTC; unix
stringr	1.6.0	R 4.6.0; ; 2026-04-25 11:14:29 UTC; unix
sys	3.4.3	R 4.6.0; aarch64-apple-darwin23; 2026-04-25 15:48:55 UTC; unix
systemfonts	1.3.2	R 4.6.0; aarch64-apple-darwin23; 2026-04-25 23:16:44 UTC; unix
testthat	3.3.2	R 4.6.0; aarch64-apple-darwin23; 2026-04-26 11:13:21 UTC; unix
textshaping	1.0.5	R 4.6.0; aarch64-apple-darwin23; 2026-04-25 23:19:28 UTC; unix
tibble	3.3.1	R 4.6.0; aarch64-apple-darwin23; 2026-04-26 05:14:40 UTC; unix
tidyr	1.3.2	R 4.6.0; aarch64-apple-darwin23; 2026-04-26 15:50:18 UTC; unix
tidyselect	1.2.1	R 4.6.0; ; 2026-04-26 02:19:10 UTC; unix
tidyverse	2.0.0	R 4.6.0; ; 2026-04-25 13:55:25 UTC; unix
timechange	0.4.0	R 4.6.0; aarch64-apple-darwin23; 2026-04-25 15:44:04 UTC; unix
tinytex	0.60	R 4.6.0; ; 2026-06-16 08:09:22 UTC; unix
tzdb	0.5.0	R 4.6.0; aarch64-apple-darwin23; 2026-04-25 15:44:31 UTC; unix
utf8	1.2.6	R 4.6.0; aarch64-apple-darwin23; 2026-04-25 15:41:06 UTC; unix
uuid	1.2-2	R 4.6.0; aarch64-apple-darwin23; 2026-04-25 15:57:30 UTC; unix
vctrs	0.7.3	R 4.6.0; aarch64-apple-darwin23; 2026-04-25 23:15:23 UTC; unix
viridisLite	0.4.3	R 4.6.0; ; 2026-04-25 15:40:19 UTC; unix
vroom	1.7.1	R 4.6.0; aarch64-apple-darwin23; 2026-04-26 11:09:05 UTC; unix
waldo	0.6.2	R 4.6.0; ; 2026-04-25 23:20:29 UTC; unix
withr	3.0.3	R 4.6.0; ; 2026-06-19 06:07:49 UTC; unix
xfun	0.60	R 4.6.1; aarch64-apple-darwin23; 2026-07-09 11:38:03 UTC; unix
xml2	1.6.0	R 4.6.1; aarch64-apple-darwin23; 2026-06-22 16:51:32 UTC; unix
yaml	2.3.12	R 4.6.0; aarch64-apple-darwin23; 2026-04-25 15:39:54 UTC; unix
base	4.6.1	R 4.6.1; ; 2026-06-25 21:53:52 UTC; unix
boot	1.3-32	R 4.6.1; ; 2026-06-25 21:54:42 UTC; unix
class	7.3-23	R 4.6.1; aarch64-apple-darwin23; 2026-06-25 21:54:10 UTC; unix
cluster	2.1.8.2	R 4.6.1; aarch64-apple-darwin23; 2026-06-25 21:54:10 UTC; unix
codetools	0.2-20	R 4.6.1; ; 2026-06-25 21:54:07 UTC; unix
compiler	4.6.1	R 4.6.1; ; 2026-06-25 21:53:16 UTC; unix
datasets	4.6.1	R 4.6.1; ; 2026-06-25 21:53:43 UTC; unix
foreign	0.8-91	R 4.6.1; aarch64-apple-darwin23; 2026-06-25 21:54:07 UTC; unix
graphics	4.6.1	R 4.6.1; aarch64-apple-darwin23; 2026-06-25 21:53:33 UTC; unix
grDevices	4.6.1	R 4.6.1; aarch64-apple-darwin23; 2026-06-25 21:53:30 UTC; unix
grid	4.6.1	R 4.6.1; aarch64-apple-darwin23; 2026-06-25 21:53:49 UTC; unix
KernSmooth	2.23-26	R 4.6.1; aarch64-apple-darwin23; 2026-06-25 21:54:07 UTC; unix
lattice	0.22-9	R 4.6.1; aarch64-apple-darwin23; 2026-06-25 21:54:07 UTC; unix
MASS	7.3-65	R 4.6.1; aarch64-apple-darwin23; 2026-06-25 21:54:07 UTC; unix
Matrix	1.7-5	R 4.6.1; aarch64-apple-darwin23; 2026-06-25 21:54:11 UTC; unix
methods	4.6.1	R 4.6.1; aarch64-apple-darwin23; 2026-06-25 21:53:44 UTC; unix
mgcv	1.9-4	R 4.6.1; aarch64-apple-darwin23; 2026-06-25 21:54:32 UTC; unix
nlme	3.1-169	R 4.6.1; aarch64-apple-darwin23; 2026-06-25 21:54:11 UTC; unix
nnet	7.3-20	R 4.6.1; aarch64-apple-darwin23; 2026-06-25 21:54:07 UTC; unix
parallel	4.6.1	R 4.6.1; aarch64-apple-darwin23; 2026-06-25 21:53:52 UTC; unix
rpart	4.1.27	R 4.6.1; aarch64-apple-darwin23; 2026-06-25 21:54:07 UTC; unix
spatial	7.3-18	R 4.6.1; aarch64-apple-darwin23; 2026-06-25 21:54:07 UTC; unix
splines	4.6.1	R 4.6.1; aarch64-apple-darwin23; 2026-06-25 21:53:51 UTC; unix
stats	4.6.1	R 4.6.1; aarch64-apple-darwin23; 2026-06-25 21:53:35 UTC; unix
stats4	4.6.1	R 4.6.1; ; 2026-06-25 21:53:51 UTC; unix
survival	3.8-6	R 4.6.1; aarch64-apple-darwin23; 2026-06-25 21:54:33 UTC; unix
tcltk	4.6.1	R 4.6.1; aarch64-apple-darwin23; 2026-06-25 21:53:51 UTC; unix
tools	4.6.1	R 4.6.1; aarch64-apple-darwin23; 2026-06-25 21:53:16 UTC; unix
utils	4.6.1	R 4.6.1; aarch64-apple-darwin23; 2026-06-25 21:53:27 UTC; unix
