path	size	sha256	category	availability	distribution_review
GWAS/BEEA_Schroder/ldak_BEEA_META.tsv	187925004	72803eaf32fee16b53e29d95af4237e42e7ef9600de6a0a077845faadc5c731b	frozen_analysis_input	user_supplied_archive	required_before_redistribution
GWAS/BEEA_Schroder/ldak_BEEA_META_pvalue.tsv	114603971	fac228a4f9da1657208fa7be231ae859e0db91524b9342a8f88f12a2fdc62be5	frozen_analysis_input	user_supplied_archive	required_before_redistribution
GWAS/BEEA_Schroder/ldak_BEEA_META_g1k_common.txt	70863514	8e44e01631855dd1488490fd0dc4e9789151221d34599e2d0d2298796a5e57f3	frozen_analysis_input	user_supplied_archive	required_before_redistribution
LD_ref/g1k_EUR404_LDAK.bed	860427992	6222afb57902cf7182cda81c72c7c572e74b63dcee211a5aa552615d1211fc86	frozen_analysis_input	user_supplied_archive	required_before_redistribution
LD_ref/g1k_EUR404_LDAK.bim	316630801	babd963bb32f1cc21b3c28e34456374218d7f93b40eac24291a254056a2713f2	frozen_analysis_input	user_supplied_archive	required_before_redistribution
LD_ref/g1k_EUR404_LDAK.fam	10100	8394cf486f977e3b946201f75a020e58943b2ac8d942f73e3ebf0e31f61f420a	frozen_analysis_input	user_supplied_archive	required_before_redistribution
.cache/LDAK/GCF_000001405.25_GRCh37.p13_feature_table.txt.gz	5506828	de711f7133885e4ada533ac2dea3c6baf5caaba77827a2138c598342dd892bc9	frozen_analysis_input	user_supplied_archive	required_before_redistribution
.cache/gencode.v39.GRCh38.genes_nodup.rds	1894218	afb3540eff1dd5fe5327e00e8f0c57b2f9b2e4780c10b235e0add6ff101b8b37	frozen_analysis_input	user_supplied_archive	required_before_redistribution
.cache/alias_link_nodup.rds	1298636	92553f87f0ccc3ebc760d67eac71ed58a7afc3160564bb30d87f4718a19e586b	frozen_analysis_input	user_supplied_archive	required_before_redistribution
.cache/JEME/lasso/encoderoadmap_lasso.1.rds	685431	41bbfa1c080674d30c7bac198de526626d7573784c3cf4b5758d7fb8cd4fd001	frozen_analysis_input	user_supplied_archive	required_before_redistribution
.cache/JEME/lasso/encoderoadmap_lasso.10.rds	528215	e43934cf8d0b7183edc61d0f15f128bfd04401c22138c2fb8b2fcdcf2738555d	frozen_analysis_input	user_supplied_archive	required_before_redistribution
.cache/JEME/lasso/encoderoadmap_lasso.100.rds	439462	1f0583a1d42f718dcd0ee2110271656c19cea91305d90335152866db40489ea6	frozen_analysis_input	user_supplied_archive	required_before_redistribution
.cache/JEME/lasso/encoderoadmap_lasso.101.rds	373678	af3492b6f3b85acea655c6ecd0d45368358c36ce24447463ab3c44fc1bad478b	frozen_analysis_input	user_supplied_archive	required_before_redistribution
.cache/JEME/lasso/encoderoadmap_lasso.102.rds	298453	ba8af43cfae2ffd646a2b02106259970ea3eec553be5fc18874884adacf6f6ba	frozen_analysis_input	user_supplied_archive	required_before_redistribution
.cache/JEME/lasso/encoderoadmap_lasso.103.rds	483369	33d88640cc5828dad4d7a020dd98c609c9020b208d5cfa80292037efb7ef6b0d	frozen_analysis_input	user_supplied_archive	required_before_redistribution
.cache/JEME/lasso/encoderoadmap_lasso.104.rds	416452	4a5f0d1fcf62052d582f1bdeb64966aab5de2321224a9de5959db3ea79bccaff	frozen_analysis_input	user_supplied_archive	required_before_redistribution
.cache/JEME/lasso/encoderoadmap_lasso.105.rds	795074	cbdfcc4f1417b6ec4d322eac42202be5914920fcd990c2f55e6f19028956f459	frozen_analysis_input	user_supplied_archive	required_before_redistribution
.cache/JEME/lasso/encoderoadmap_lasso.106.rds	746813	8397902d149f73bc5a99d70847f1373432582e32e84beb1ab72523ec0a3d295a	frozen_analysis_input	user_supplied_archive	required_before_redistribution
.cache/JEME/lasso/encoderoadmap_lasso.107.rds	353942	e38667976ef50ca8e5f0a2ca729ae9c80168eeec265667186b65ce00ae096239	frozen_analysis_input	user_supplied_archive	required_before_redistribution
.cache/JEME/lasso/encoderoadmap_lasso.108.rds	591369	e1c3be45f466021a818d90de6310a68a9b77e2bbae8adad3cd4552d587c9f5f3	frozen_analysis_input	user_supplied_archive	required_before_redistribution
.cache/JEME/lasso/encoderoadmap_lasso.109.rds	463986	b02579425705d614977d7b29594a7d2334315db076820183118d1a0e591b27d9	frozen_analysis_input	user_supplied_archive	required_before_redistribution
.cache/JEME/lasso/encoderoadmap_lasso.11.rds	569953	bc6198e02f5098a4793f5401dddb1111aeb48cf8189c0c02f6dd4e3dc3e1d0ad	frozen_analysis_input	user_supplied_archive	required_before_redistribution
.cache/JEME/lasso/encoderoadmap_lasso.110.rds	546459	e2b490da026297419931e782ea5b5899748d1afc69f32165a9339bf83734d262	frozen_analysis_input	user_supplied_archive	required_before_redistribution
.cache/JEME/lasso/encoderoadmap_lasso.111.rds	739818	06a964d3f927023d23033fe5a4124dca542526f537461b4525b4a8f2f04f97d9	frozen_analysis_input	user_supplied_archive	required_before_redistribution
.cache/JEME/lasso/encoderoadmap_lasso.112.rds	790252	221297c11d70a02cc647410f16ab089b2b33cf917840e2c67e26582c45d8dbc2	frozen_analysis_input	user_supplied_archive	required_before_redistribution
.cache/JEME/lasso/encoderoadmap_lasso.113.rds	711784	5a1cf9fc5491122735fed5c4bdf7d75ac1975eb6dba4b0b4d8fe3bed7f439644	frozen_analysis_input	user_supplied_archive	required_before_redistribution
.cache/JEME/lasso/encoderoadmap_lasso.114.rds	1017761	883e89c1706d64457cb867427b6e0952b69ce9e80e7793871bf8130c35368b8a	frozen_analysis_input	user_supplied_archive	required_before_redistribution
.cache/JEME/lasso/encoderoadmap_lasso.115.rds	627460	31190e82322c8b9b055fde542732608d2c5921d90fb0182374c7dc056e33390b	frozen_analysis_input	user_supplied_archive	required_before_redistribution
.cache/JEME/lasso/encoderoadmap_lasso.116.rds	943275	81fc44061082bd2d89d53b97519e395c281694c05bac0b20c53f65c77815529f	frozen_analysis_input	user_supplied_archive	required_before_redistribution
.cache/JEME/lasso/encoderoadmap_lasso.117.rds	624703	4287b204eb3544c0b895f146fa1d40826a337c031e40028ff655d60e8e1ba440	frozen_analysis_input	user_supplied_archive	required_before_redistribution
.cache/JEME/lasso/encoderoadmap_lasso.118.rds	364531	4c209f77166c8505860cfb517c07aa885e97adc8102735ecfa477ab9f90ddcd5	frozen_analysis_input	user_supplied_archive	required_before_redistribution
.cache/JEME/lasso/encoderoadmap_lasso.119.rds	439231	7d793aa61714c1381aea9d080725e4c67cbf47546e47bdbda4b378c54f42a621	frozen_analysis_input	user_supplied_archive	required_before_redistribution
.cache/JEME/lasso/encoderoadmap_lasso.12.rds	465299	d309c4a87d17ebd48977e91bcb7d4c46604bf596a813d2670a14e5bae723d6cd	frozen_analysis_input	user_supplied_archive	required_before_redistribution
.cache/JEME/lasso/encoderoadmap_lasso.120.rds	508655	0fa09314da5e2a82da5e84df327c3d4ca7577bb6c3fc76d6ffb6a49fb6ac56e1	frozen_analysis_input	user_supplied_archive	required_before_redistribution
.cache/JEME/lasso/encoderoadmap_lasso.121.rds	1152943	a5743e07471b1971ac327e6ad495306637be4f27d04a5a1deed2f7ef0ce6552a	frozen_analysis_input	user_supplied_archive	required_before_redistribution
.cache/JEME/lasso/encoderoadmap_lasso.122.rds	1036234	feaa07b576f8f65c14a29b5096361a394067666826f892e848780683f9ec018e	frozen_analysis_input	user_supplied_archive	required_before_redistribution
.cache/JEME/lasso/encoderoadmap_lasso.123.rds	404166	8ca783fac85ea1b8e2be1203e5d31f27e70082a8b2ea99d552f41930c9a6b8fa	frozen_analysis_input	user_supplied_archive	required_before_redistribution
.cache/JEME/lasso/encoderoadmap_lasso.124.rds	460181	7c8667902bf3fb46d21b161217881780703115727adb8e641a2b1c9ed5b4cfa1	frozen_analysis_input	user_supplied_archive	required_before_redistribution
.cache/JEME/lasso/encoderoadmap_lasso.125.rds	751534	c8b6f55a34387091eb27f361b20942c361f115f90ff71657000721e613ae4a67	frozen_analysis_input	user_supplied_archive	required_before_redistribution
.cache/JEME/lasso/encoderoadmap_lasso.126.rds	445083	1e23b9158527dcb3b458a27f3e18c6ec4a88f6e2cbc67e88dc939ee4a278df89	frozen_analysis_input	user_supplied_archive	required_before_redistribution
.cache/JEME/lasso/encoderoadmap_lasso.127.rds	587748	61f888d15c4433ee6121fb0731ce7bf648086dfc0abf9516ef71c477a1356c07	frozen_analysis_input	user_supplied_archive	required_before_redistribution
.cache/JEME/lasso/encoderoadmap_lasso.13.rds	398642	00980ca3a73682677f04dc7f40a7dd10b4d202749fbd684c96c32c0f2357e37b	frozen_analysis_input	user_supplied_archive	required_before_redistribution
.cache/JEME/lasso/encoderoadmap_lasso.14.rds	587020	47605b9440ef2922bc31affdeaefc0806e453cbad61edb2edfdf1e499e7b80ed	frozen_analysis_input	user_supplied_archive	required_before_redistribution
.cache/JEME/lasso/encoderoadmap_lasso.15.rds	611348	0daf82e01c1b8bba2574910b19561a9b009ad8ca3d54f79e6c17c0fdd1fc4b7e	frozen_analysis_input	user_supplied_archive	required_before_redistribution
.cache/JEME/lasso/encoderoadmap_lasso.16.rds	515778	a468217369f284a1bc3e4ee6a8b5ff10cd5fb14357bb57b81b9a80f3658701cd	frozen_analysis_input	user_supplied_archive	required_before_redistribution
.cache/JEME/lasso/encoderoadmap_lasso.17.rds	706712	400fc6c2663169f4a7ed5066fc34c5ea065685d65345af5991d67455f1feadb9	frozen_analysis_input	user_supplied_archive	required_before_redistribution
.cache/JEME/lasso/encoderoadmap_lasso.18.rds	709595	aca0b8f3a8d03e4bd98083dad414d132ae158e69684cfe82481d3683cc9e69fe	frozen_analysis_input	user_supplied_archive	required_before_redistribution
.cache/JEME/lasso/encoderoadmap_lasso.19.rds	577001	f5652db2195dd44e4248f99fadb83c7204e59695b7aed98de0151d2d5fb6cbc0	frozen_analysis_input	user_supplied_archive	required_before_redistribution
.cache/JEME/lasso/encoderoadmap_lasso.2.rds	347858	a2a98ccfee390b01d0191eaf49d3e0475e3be9467dc319b6032f96583390d1d0	frozen_analysis_input	user_supplied_archive	required_before_redistribution
.cache/JEME/lasso/encoderoadmap_lasso.20.rds	470640	015fb8e2f7e63d654830c44b0b88824db229fbdbec3cb13a73783934e1d1613d	frozen_analysis_input	user_supplied_archive	required_before_redistribution
.cache/JEME/lasso/encoderoadmap_lasso.21.rds	452009	8fc4043c8daf0980e892e2dac82e97d47c96fcff4f4308ba1f50b86a8ce6bf36	frozen_analysis_input	user_supplied_archive	required_before_redistribution
.cache/JEME/lasso/encoderoadmap_lasso.22.rds	983499	512270698f22bc45a18be8f51a7021deaa8d132bc2362b24705ad5cd2e5722bd	frozen_analysis_input	user_supplied_archive	required_before_redistribution
.cache/JEME/lasso/encoderoadmap_lasso.23.rds	860064	693ac959cd44aab1407cab7c4567ed317433adc105995e27d2f463fee140da08	frozen_analysis_input	user_supplied_archive	required_before_redistribution
.cache/JEME/lasso/encoderoadmap_lasso.24.rds	762924	3b148f674a344b74f8b3cbbfd651e42c941491715e609e8b8842a78b9e5a8dc9	frozen_analysis_input	user_supplied_archive	required_before_redistribution
.cache/JEME/lasso/encoderoadmap_lasso.25.rds	930512	abb5ba2125d65e3cfcfdcc0b1861c0a43aa8542ad2d278edaf103ba70d37bab5	frozen_analysis_input	user_supplied_archive	required_before_redistribution
.cache/JEME/lasso/encoderoadmap_lasso.26.rds	532751	576ce95fe5289e744c942852ba5ddb5f64fa5c8800a20db989b09607153f9b49	frozen_analysis_input	user_supplied_archive	required_before_redistribution
.cache/JEME/lasso/encoderoadmap_lasso.27.rds	933693	4387f43b2384d45328dfa5754c13bf1c5b7ec1f7c16c68d41f8cf951027dda27	frozen_analysis_input	user_supplied_archive	required_before_redistribution
.cache/JEME/lasso/encoderoadmap_lasso.28.rds	810595	1e2563edfe0b0f6517c26b83a5c81b2117ebf0e8fd4a4f165cdfef6cf0477a4a	frozen_analysis_input	user_supplied_archive	required_before_redistribution
.cache/JEME/lasso/encoderoadmap_lasso.29.rds	1179357	53189237b17992b96eb733c04c821f6e4663dfc1f2c7e32f4b50f61674ee2aa6	frozen_analysis_input	user_supplied_archive	required_before_redistribution
.cache/JEME/lasso/encoderoadmap_lasso.3.rds	604830	e21cd12c3494b47f7ac346bfe5b0eadf8ecb68433ed7c6678dbd1cf1c11df9d4	frozen_analysis_input	user_supplied_archive	required_before_redistribution
.cache/JEME/lasso/encoderoadmap_lasso.30.rds	1086254	2a65cbcdd8ff521fce8bd2c93db1bb48a2e2cfec13be68aa87155f7735fc81f7	frozen_analysis_input	user_supplied_archive	required_before_redistribution
.cache/JEME/lasso/encoderoadmap_lasso.31.rds	798724	24fc8dc7133992c938b2fc67594db31e97b40e4e8923dfd3434b7bda53d622de	frozen_analysis_input	user_supplied_archive	required_before_redistribution
.cache/JEME/lasso/encoderoadmap_lasso.32.rds	1075284	b1ff0b6359c52e32bcdd2f323e1e2a6a4ce94bb32659dc63c4a819260d7cf396	frozen_analysis_input	user_supplied_archive	required_before_redistribution
.cache/JEME/lasso/encoderoadmap_lasso.33.rds	673302	ffa3949b98f7723fe717db68fb3234b847a8911adf7ec400036372d3a148a556	frozen_analysis_input	user_supplied_archive	required_before_redistribution
.cache/JEME/lasso/encoderoadmap_lasso.34.rds	1001975	d6ad6218e9a951ec08fcf4fda2c4817aec8d487a1381f19b3165eaf5d3bc1eb7	frozen_analysis_input	user_supplied_archive	required_before_redistribution
.cache/JEME/lasso/encoderoadmap_lasso.35.rds	854211	8f522c75a438a71892583aa5bdb35da042c72b17117370a51c230b9c8e5f05d6	frozen_analysis_input	user_supplied_archive	required_before_redistribution
.cache/JEME/lasso/encoderoadmap_lasso.36.rds	992722	086ccf6cf3fc4ebe12e30d01d5768dbfa1be65b70988e01eb54993669276cadb	frozen_analysis_input	user_supplied_archive	required_before_redistribution
.cache/JEME/lasso/encoderoadmap_lasso.37.rds	912612	cc2215d81ad7b86b2421b7e6beb07291d4af72e68aa5b8c2e7dc788397370ff2	frozen_analysis_input	user_supplied_archive	required_before_redistribution
.cache/JEME/lasso/encoderoadmap_lasso.38.rds	812628	d68681a09939a96330b5c3f6c9cded86939a008d683a9970b2feef550efa19af	frozen_analysis_input	user_supplied_archive	required_before_redistribution
.cache/JEME/lasso/encoderoadmap_lasso.39.rds	880609	aa207610543bb698653a5564b904bffb69bd250cb93ecc1e8ac7e7ecaa74af78	frozen_analysis_input	user_supplied_archive	required_before_redistribution
.cache/JEME/lasso/encoderoadmap_lasso.4.rds	476429	e54eeae7501cc6edbf337fc83b24a8248c20e6abbe5f997e63a07ae4333e429e	frozen_analysis_input	user_supplied_archive	required_before_redistribution
.cache/JEME/lasso/encoderoadmap_lasso.40.rds	840860	9ad3b481ec73e5206e274cd8f335c60d9ebb3ee68d2cfe9fce64a8a175e2d966	frozen_analysis_input	user_supplied_archive	required_before_redistribution
.cache/JEME/lasso/encoderoadmap_lasso.41.rds	1000881	5c5adb2ce2980e45fd840142f69273b1792b47f93d5aa7e5aab99d424761f922	frozen_analysis_input	user_supplied_archive	required_before_redistribution
.cache/JEME/lasso/encoderoadmap_lasso.42.rds	830749	1115122d3445435531dc9a58f5136f3b7cfdb6a32f112654793f006e0584bb2d	frozen_analysis_input	user_supplied_archive	required_before_redistribution
.cache/JEME/lasso/encoderoadmap_lasso.43.rds	876715	afad147c752ac8c6d39ac5c569c10ae6135d81c25341a7655e86f2aa13ff66f4	frozen_analysis_input	user_supplied_archive	required_before_redistribution
.cache/JEME/lasso/encoderoadmap_lasso.44.rds	688949	f313c0eb80e46c2c638583ed4c261a28aa1a9b87061355518fe66acd9826fd17	frozen_analysis_input	user_supplied_archive	required_before_redistribution
.cache/JEME/lasso/encoderoadmap_lasso.45.rds	541565	453fbd6eb71104f2dab8f1875075a793a05810f7eb3c12f332ed0e9c2d5b3ccd	frozen_analysis_input	user_supplied_archive	required_before_redistribution
.cache/JEME/lasso/encoderoadmap_lasso.46.rds	921244	c7932a6042a12fce16b7c5b4392f8972b9ab71f4098b2c759103c62c50df4f53	frozen_analysis_input	user_supplied_archive	required_before_redistribution
.cache/JEME/lasso/encoderoadmap_lasso.47.rds	851520	f5985ea6b67925aae3f9711f2796d7243579e9d5557aee0d11af2a5e966652e8	frozen_analysis_input	user_supplied_archive	required_before_redistribution
.cache/JEME/lasso/encoderoadmap_lasso.48.rds	758650	62cd0d49760311cf5b1c2b86cf137deecbd5ec4d60f4527a2ed9d0b7f465fe30	frozen_analysis_input	user_supplied_archive	required_before_redistribution
.cache/JEME/lasso/encoderoadmap_lasso.49.rds	678362	c8ae78ae8f25009b3319c271fb4d3b00a05ce55cd10ea7231bfcec97027062db	frozen_analysis_input	user_supplied_archive	required_before_redistribution
.cache/JEME/lasso/encoderoadmap_lasso.5.rds	759650	253460f78c24d36feafddbdd8031a2931829f08969082fab0d8f6d97fb427fbe	frozen_analysis_input	user_supplied_archive	required_before_redistribution
.cache/JEME/lasso/encoderoadmap_lasso.50.rds	1128420	1827de140b78a06404c90f0bb1b3f0d80d0fde88b10ab2f60da0526da39a726d	frozen_analysis_input	user_supplied_archive	required_before_redistribution
.cache/JEME/lasso/encoderoadmap_lasso.51.rds	1175718	dd2b2c3ada988045dfa75e8e155618e3dda72aac4ae052bb04712887b6151ea6	frozen_analysis_input	user_supplied_archive	required_before_redistribution
.cache/JEME/lasso/encoderoadmap_lasso.52.rds	580870	68060431d05bf6e511e8d2ee9629c3c25b0a4f8f6cba29d8195e54d96a91e29e	frozen_analysis_input	user_supplied_archive	required_before_redistribution
.cache/JEME/lasso/encoderoadmap_lasso.53.rds	585186	798a015dd0695e3306d549a3b23f65fb608fae677928c0abab49f7be65652938	frozen_analysis_input	user_supplied_archive	required_before_redistribution
.cache/JEME/lasso/encoderoadmap_lasso.54.rds	507083	d673f74f5c5450bdcc53ed0916150f354625f4b98e46f0d94a779fd3bf55b6f3	frozen_analysis_input	user_supplied_archive	required_before_redistribution
.cache/JEME/lasso/encoderoadmap_lasso.55.rds	1038591	a8c719a18782ce3d12c5a7e4f575c547baad3c25a3e38739d22898e1cfac00a5	frozen_analysis_input	user_supplied_archive	required_before_redistribution
.cache/JEME/lasso/encoderoadmap_lasso.56.rds	902045	44715407db1be3cd2c94f24454ad03de4d5d7ac7c64bc31f06e85d00b9568f38	frozen_analysis_input	user_supplied_archive	required_before_redistribution
.cache/JEME/lasso/encoderoadmap_lasso.57.rds	797759	05eb4f50c3ee0a9ffbb8a3880c201388904c7466035d1039388e3c8b404b4d49	frozen_analysis_input	user_supplied_archive	required_before_redistribution
.cache/JEME/lasso/encoderoadmap_lasso.58.rds	857159	504e281090baabd1840336e5692636210c5039aa03282c284efa48059fabfd16	frozen_analysis_input	user_supplied_archive	required_before_redistribution
.cache/JEME/lasso/encoderoadmap_lasso.59.rds	911012	361d2ae6a338c09bca91cf6bebf5344a0d63dbca420ec1cfd9c402ae25759d66	frozen_analysis_input	user_supplied_archive	required_before_redistribution
.cache/JEME/lasso/encoderoadmap_lasso.6.rds	751985	109f7d62270a6383ad79092f7c8816743288c4244d2a8b24686e9d4981ca7274	frozen_analysis_input	user_supplied_archive	required_before_redistribution
.cache/JEME/lasso/encoderoadmap_lasso.60.rds	1029212	c90721f393c2b9ee91084dbdfbc64a88d321a6275eabc53f0587bfb2a41f0955	frozen_analysis_input	user_supplied_archive	required_before_redistribution
.cache/JEME/lasso/encoderoadmap_lasso.61.rds	627358	3b30d2eaccad25d34a99a8bd347e1d410839a7884ceb8212e32f020299a98b21	frozen_analysis_input	user_supplied_archive	required_before_redistribution
.cache/JEME/lasso/encoderoadmap_lasso.62.rds	842499	52dbb6f7c2bd38f015627fdc0fa557b2a9b5a0586382adb64c4ef3e05570024b	frozen_analysis_input	user_supplied_archive	required_before_redistribution
.cache/JEME/lasso/encoderoadmap_lasso.63.rds	167032	5a01487def362d2c202acd760ebcb3cdf6b396e8c06c868a98bccf81922df82b	frozen_analysis_input	user_supplied_archive	required_before_redistribution
.cache/JEME/lasso/encoderoadmap_lasso.64.rds	899177	029056955a6c5bb9bc5e500f87b41861ea227bd34e19136d6bfdf4cc7f0b1175	frozen_analysis_input	user_supplied_archive	required_before_redistribution
.cache/JEME/lasso/encoderoadmap_lasso.65.rds	514332	e5e6f460398052667d4e3e6a324c0f4c5dde01d77434c003f7fdb30fcecb0023	frozen_analysis_input	user_supplied_archive	required_before_redistribution
.cache/JEME/lasso/encoderoadmap_lasso.66.rds	594256	50e972df6a1a632d24c35bcff18e2b24450e0f42228f8ce6df79617d4e01590f	frozen_analysis_input	user_supplied_archive	required_before_redistribution
.cache/JEME/lasso/encoderoadmap_lasso.67.rds	596531	4fddf7c098e7516b310d5aca2fc90081b0e562adcb61dd0cc58090e48ac4c453	frozen_analysis_input	user_supplied_archive	required_before_redistribution
.cache/JEME/lasso/encoderoadmap_lasso.68.rds	392812	0011de7a06ea71d9758b676ceb9e4e514565cd1d041d160820b195b4a80333fc	frozen_analysis_input	user_supplied_archive	required_before_redistribution
.cache/JEME/lasso/encoderoadmap_lasso.69.rds	659504	734239b8113d7e8db337c51d822ffd3765920d1c8719e0c2f85ef8c05d51aa14	frozen_analysis_input	user_supplied_archive	required_before_redistribution
.cache/JEME/lasso/encoderoadmap_lasso.7.rds	512319	aebf2cdbb325dc62c5bea106fc9f7b2fa29c3ec32d0ea395c18663ef31e5e679	frozen_analysis_input	user_supplied_archive	required_before_redistribution
.cache/JEME/lasso/encoderoadmap_lasso.70.rds	586129	3bf1d8d0eb9e76dd4307e32d31959a109094addd049fd004e6174d93571a4cb1	frozen_analysis_input	user_supplied_archive	required_before_redistribution
.cache/JEME/lasso/encoderoadmap_lasso.71.rds	463221	f07ce39f7225c4e192063244a377fe87e43d7544f37e1ec1f5020e6cbc7c01e8	frozen_analysis_input	user_supplied_archive	required_before_redistribution
.cache/JEME/lasso/encoderoadmap_lasso.72.rds	675872	c3d8065b34852c9f7328d7bc60336fd43f39a4d679b6313de7224aec54c88c01	frozen_analysis_input	user_supplied_archive	required_before_redistribution
.cache/JEME/lasso/encoderoadmap_lasso.73.rds	267260	0d6523181534954bcbcc2ea837cc7b8fee80c30d28902a19f51883a3f22d9866	frozen_analysis_input	user_supplied_archive	required_before_redistribution
.cache/JEME/lasso/encoderoadmap_lasso.74.rds	613020	d414bbd3ddad92e9df2c51ec8032c086ae9b9e9bc91906173b4f00667b4aa6f7	frozen_analysis_input	user_supplied_archive	required_before_redistribution
.cache/JEME/lasso/encoderoadmap_lasso.75.rds	445267	439d8d383f6ece1f0a522de553d02f904776e694f089ecd400be3cf8d00cf36e	frozen_analysis_input	user_supplied_archive	required_before_redistribution
.cache/JEME/lasso/encoderoadmap_lasso.76.rds	500485	ea975d54357da4085e0da70d3c1e7763d851ddff9dd8ebb9da9962836461ff5d	frozen_analysis_input	user_supplied_archive	required_before_redistribution
.cache/JEME/lasso/encoderoadmap_lasso.77.rds	407184	32483c31f3b08a12d908b78a02026c12869b0138538b1f2a0e06a5bff0360b6b	frozen_analysis_input	user_supplied_archive	required_before_redistribution
.cache/JEME/lasso/encoderoadmap_lasso.78.rds	1102281	f5e3f90c6f8ffdc2a91796b745ca60503cc7bd9a098942e4f607d6c2a6e2c72d	frozen_analysis_input	user_supplied_archive	required_before_redistribution
.cache/JEME/lasso/encoderoadmap_lasso.79.rds	541390	8352d32add6bd9eff73e81206f6cd6d81c802e2cdf4d7bc5c38ed18a0ac53e94	frozen_analysis_input	user_supplied_archive	required_before_redistribution
.cache/JEME/lasso/encoderoadmap_lasso.8.rds	438682	c764648289fcbc9877d8a0f434e8907285fa73a9667b16f8a121f52cab075777	frozen_analysis_input	user_supplied_archive	required_before_redistribution
.cache/JEME/lasso/encoderoadmap_lasso.80.rds	443910	71f4829ed9a03a0c35ff8a2f3fefd6f9bc6c218552dc89fcd90548704d782c2b	frozen_analysis_input	user_supplied_archive	required_before_redistribution
.cache/JEME/lasso/encoderoadmap_lasso.81.rds	843405	0be403be5129582785dae3971fc84a38d9732fb0987dd7db81e8bebe43fd10c0	frozen_analysis_input	user_supplied_archive	required_before_redistribution
.cache/JEME/lasso/encoderoadmap_lasso.82.rds	589667	b21e1f2d2b10c252c06367252239820cbf1444b812cba26605707aa2f0f7ca4b	frozen_analysis_input	user_supplied_archive	required_before_redistribution
.cache/JEME/lasso/encoderoadmap_lasso.83.rds	672167	4a77217d18fd5aecb33b69c9cd9669668ab0b293f5e023105847215471a93753	frozen_analysis_input	user_supplied_archive	required_before_redistribution
.cache/JEME/lasso/encoderoadmap_lasso.84.rds	427315	2e463202b27f30f33645a67f4e2cc53f8ef9768a71302027b95b570b478f89dc	frozen_analysis_input	user_supplied_archive	required_before_redistribution
.cache/JEME/lasso/encoderoadmap_lasso.85.rds	257770	8d09a8d782d37917de5e21328d70f14a50940bf2968e560bd8498bdcfa7f4954	frozen_analysis_input	user_supplied_archive	required_before_redistribution
.cache/JEME/lasso/encoderoadmap_lasso.86.rds	528477	fb7da76b5f840744f5f7d0c5e012fd4da45c17d6e627d54bb3719af675adb28b	frozen_analysis_input	user_supplied_archive	required_before_redistribution
.cache/JEME/lasso/encoderoadmap_lasso.87.rds	765870	16f6503629586107fb3ebfaced6b597266381c55c50baf73ebe1b3191d5815ab	frozen_analysis_input	user_supplied_archive	required_before_redistribution
.cache/JEME/lasso/encoderoadmap_lasso.88.rds	937651	745be38e3e62b123f7613187cccbb3dfe3782a15484951ef5cce0fc536d7216a	frozen_analysis_input	user_supplied_archive	required_before_redistribution
.cache/JEME/lasso/encoderoadmap_lasso.89.rds	968289	2bb4ab01a1d491c64adc3ebac2393df45d64840925edb0c34cce3664046eff13	frozen_analysis_input	user_supplied_archive	required_before_redistribution
.cache/JEME/lasso/encoderoadmap_lasso.9.rds	425076	4179b881fa4bc0ec5d8854c4ac1ec5d4670c2008e08ceb22f1239f53f5b16532	frozen_analysis_input	user_supplied_archive	required_before_redistribution
.cache/JEME/lasso/encoderoadmap_lasso.90.rds	730142	74898cef553acdfe7ce18cb89db0146d1d5d7a179034c9bcf80ffd461ac2713f	frozen_analysis_input	user_supplied_archive	required_before_redistribution
.cache/JEME/lasso/encoderoadmap_lasso.91.rds	883749	cd2857f6c7fe0df717bb03f5aa1c6b0ed8df2aa554411559f3dba66e4b71fa5b	frozen_analysis_input	user_supplied_archive	required_before_redistribution
.cache/JEME/lasso/encoderoadmap_lasso.92.rds	428698	511b03b1406136066ad56ef138b37e89f597dedaba3a784f45ead83751aa466b	frozen_analysis_input	user_supplied_archive	required_before_redistribution
.cache/JEME/lasso/encoderoadmap_lasso.93.rds	419833	d2a67b53f770af5d19f4e7a68c69b05c09760a055cab36614013be19d0f1fc79	frozen_analysis_input	user_supplied_archive	required_before_redistribution
.cache/JEME/lasso/encoderoadmap_lasso.94.rds	431338	f0092117f31ea9a944f4c2c4de72239b7b46855a105ae0afcbadc586385c7bde	frozen_analysis_input	user_supplied_archive	required_before_redistribution
.cache/JEME/lasso/encoderoadmap_lasso.95.rds	404576	836b60aa407b02d40855b52bf3174538f19f4fb912e5c21f68eb27eb75894927	frozen_analysis_input	user_supplied_archive	required_before_redistribution
.cache/JEME/lasso/encoderoadmap_lasso.96.rds	522173	473313a9619b2378e799fe4ae1ff893a3e8e72ccbbbb80ea538a72af0a1d89a1	frozen_analysis_input	user_supplied_archive	required_before_redistribution
.cache/JEME/lasso/encoderoadmap_lasso.97.rds	495215	c703ff85f651391f976f4e52e2777c40dd616f4716a89c34d629bf1ab3925774	frozen_analysis_input	user_supplied_archive	required_before_redistribution
.cache/JEME/lasso/encoderoadmap_lasso.98.rds	350279	1a9ee372dedd37a029535d08f2d490975fb9e1e2fb1fcfac9c8211f984ddaf36	frozen_analysis_input	user_supplied_archive	required_before_redistribution
.cache/JEME/lasso/encoderoadmap_lasso.99.rds	300270	9613c25ccb050b6cf3e3efa6106fa7e1c2a4ae7fba76e8daaa8882528feec6ef	frozen_analysis_input	user_supplied_archive	required_before_redistribution
.cache/HiC/Jung_HiC_P-O.rds	12751330	ee3e5d806df7f797f8ef1069b09c36cdbc04da0f523de31dc64fb25c172505fc	frozen_analysis_input	user_supplied_archive	required_before_redistribution
.cache/HiC/Jung_HiC_P-P.rds	861384	d92db9cb3adc1a4c2603f3d422fd090e27386b45816add4c8c90785b269c2a80	frozen_analysis_input	user_supplied_archive	required_before_redistribution
tools/ldak	2329528	b765ebb786f6ce9774736704e641fad93a2deb3ac16cae03d60426343d07ee1b	native_binary	user_supplied_archive	required_before_redistribution
tools/hierarchical-hotnet/LICENSE.txt	1490	11dec70d9116c4039e41e3377352dcfb703b2936730afd3c8f071c0b827da768	hotnet_source_and_native_extension	user_supplied_archive	required_before_redistribution
tools/hierarchical-hotnet/README.md	6035	184b09346a490e76476eb029923e77345639c56db76c36357c253b9b8d977009	hotnet_source_and_native_extension	user_supplied_archive	required_before_redistribution
tools/hierarchical-hotnet/src/common.py	2997	1f9033d223611a0734b1952cf462ec91befc28ac0852e5de05ee7a73489d69b9	hotnet_source_and_native_extension	user_supplied_archive	required_before_redistribution
tools/hierarchical-hotnet/src/construct_hierarchy.py	3670	984e61005f86a4ef9eade7696721088912b9d48f6fb880a1a87cd1d2df4cbbae	hotnet_source_and_native_extension	user_supplied_archive	required_before_redistribution
tools/hierarchical-hotnet/src/construct_similarity_matrix.py	2918	1053fd8c645a3219efb1a04b596d862c4364e1bd7d82e9f017e2bcfffaf94708	hotnet_source_and_native_extension	user_supplied_archive	required_before_redistribution
tools/hierarchical-hotnet/src/find_permutation_bins.py	2137	2b278107df89abc8533073ec407d203ee5876a04d27875b9572084b901e15001	hotnet_source_and_native_extension	user_supplied_archive	required_before_redistribution
tools/hierarchical-hotnet/src/fortran_module.cpython-312-darwin.so	90728	9d02f5fb99f4ca43a4bcf9ee7a118288ed4e99aade96b95869873f7d813e8c09	hotnet_source_and_native_extension	user_supplied_archive	required_before_redistribution
tools/hierarchical-hotnet/src/fortran_module.f95	9797	3513bc294cdaaca76debf0b620f14d1defb59a9ec3b05830a11c8d5559b3803d	hotnet_source_and_native_extension	user_supplied_archive	required_before_redistribution
tools/hierarchical-hotnet/src/generate_example_graph.py	4524	a0ab52e3ec61b13070f90f85cb87aa50e2e33b906503427c7781874b20345df6	hotnet_source_and_native_extension	user_supplied_archive	required_before_redistribution
tools/hierarchical-hotnet/src/hhio.py	6948	21283fce5aacdb66b0eb054f947540888ff9b8ba3ff8b02e968c3f5410c454ef	hotnet_source_and_native_extension	user_supplied_archive	required_before_redistribution
tools/hierarchical-hotnet/src/hierarchical_clustering_tests.py	11748	4aa307d26182c1ac135e8a51cf4cd5351d60436ef506df085ecec592129105f8	hotnet_source_and_native_extension	user_supplied_archive	required_before_redistribution
tools/hierarchical-hotnet/src/hierarchical_clustering.py	11581	1f256a83d75dc07b6cde914019f3c0a2cbf67fad20db73d202257cd6fd479bda	hotnet_source_and_native_extension	user_supplied_archive	required_before_redistribution
tools/hierarchical-hotnet/src/perform_consensus.py	4067	1135ff6ebca96372021ed18c825b36aafd8ccf7be7f624fd9a770d1069af70a3	hotnet_source_and_native_extension	user_supplied_archive	required_before_redistribution
tools/hierarchical-hotnet/src/permute_network.py	2159	cfdc199e8e35db04cb128b7dfe67b2f01b22502510579b27a91544408e0b0264	hotnet_source_and_native_extension	user_supplied_archive	required_before_redistribution
tools/hierarchical-hotnet/src/permute_scores.py	1801	5e23a43c6464dc2dbb9e4cb692ea3eb16593f470ae86e1b4bd68455162effeed	hotnet_source_and_native_extension	user_supplied_archive	required_before_redistribution
tools/hierarchical-hotnet/src/process_hierarchies.py	17057	1564bca769961b28b8a1adcd2de90f32fce01d063919c71401bc22db509ab2f5	hotnet_source_and_native_extension	user_supplied_archive	required_before_redistribution
