path	reference_sha256	candidate_sha256	identical	normalization	normalized_reference_sha256	normalized_candidate_sha256	normalized_identical
hHotnet/cytoscape/export_manifest.tsv	2c2648262535bd00285b768ec0cfb1a4d1f83a9e21651b27399de656bea17122	4cd0770763a2218cef6c8415f5b6d30621c0d4c9ab1d1dda33185ed4f16955be	FALSE	analysis_root	b8043108b0d48b56c18178fb183cfe15d97652c255e6bdf498213c6bb5d4030a	b8043108b0d48b56c18178fb183cfe15d97652c255e6bdf498213c6bb5d4030a	TRUE
hHotnet/cytoscape/v3_analysis2_network_1_hotnet_components_edges.tsv	c0509f54db1985a933db29a40512a5ea180761fb05248f6b5b3d823a50598d8c	c0509f54db1985a933db29a40512a5ea180761fb05248f6b5b3d823a50598d8c	TRUE	none	c0509f54db1985a933db29a40512a5ea180761fb05248f6b5b3d823a50598d8c	c0509f54db1985a933db29a40512a5ea180761fb05248f6b5b3d823a50598d8c	TRUE
hHotnet/cytoscape/v3_analysis2_network_1_hotnet_components_nodes.tsv	4c5f33a13372b141e171fd7c17acd0e36286f7b82bc37ae06a39c5580416ab41	4c5f33a13372b141e171fd7c17acd0e36286f7b82bc37ae06a39c5580416ab41	TRUE	none	4c5f33a13372b141e171fd7c17acd0e36286f7b82bc37ae06a39c5580416ab41	4c5f33a13372b141e171fd7c17acd0e36286f7b82bc37ae06a39c5580416ab41	TRUE
hHotnet/cytoscape/v3_analysis2_network_1_hotnet_components.cx2	afc6b800c4f17c61e214b54fc7e71d2bf4832ac013bb0057b4f5ceb52e2aa93e	afc6b800c4f17c61e214b54fc7e71d2bf4832ac013bb0057b4f5ceb52e2aa93e	TRUE	none	afc6b800c4f17c61e214b54fc7e71d2bf4832ac013bb0057b4f5ceb52e2aa93e	afc6b800c4f17c61e214b54fc7e71d2bf4832ac013bb0057b4f5ceb52e2aa93e	TRUE
hHotnet/cytoscape/v3_analysis2_network_1_hotnet_components.cyjs.json	dbd3c4246cfc40452b5c1f44c42859ead51cc06ac2a941612977c2d8f5fde226	215045d3fbaac1a8e1db9ddd97d369b30a55323326474d34ee6fd7ba63179023	FALSE	producer_name	215045d3fbaac1a8e1db9ddd97d369b30a55323326474d34ee6fd7ba63179023	215045d3fbaac1a8e1db9ddd97d369b30a55323326474d34ee6fd7ba63179023	TRUE
hHotnet/cytoscape/v3_analysis2_network_1_hotnet_components.graphml	c284d0266d3d0efb460a2b3097ef9aa9f604c23b05e64ba08afac0f52b105fcf	c284d0266d3d0efb460a2b3097ef9aa9f604c23b05e64ba08afac0f52b105fcf	TRUE	none	c284d0266d3d0efb460a2b3097ef9aa9f604c23b05e64ba08afac0f52b105fcf	c284d0266d3d0efb460a2b3097ef9aa9f604c23b05e64ba08afac0f52b105fcf	TRUE
hHotnet/cytoscape/v3_analysis2_network_2_hotnet_components_edges.tsv	da18bb85b84c22a1e298d5512b124127dd1d08004b166f6ff504eedb658f6866	da18bb85b84c22a1e298d5512b124127dd1d08004b166f6ff504eedb658f6866	TRUE	none	da18bb85b84c22a1e298d5512b124127dd1d08004b166f6ff504eedb658f6866	da18bb85b84c22a1e298d5512b124127dd1d08004b166f6ff504eedb658f6866	TRUE
hHotnet/cytoscape/v3_analysis2_network_2_hotnet_components_nodes.tsv	4c5f33a13372b141e171fd7c17acd0e36286f7b82bc37ae06a39c5580416ab41	4c5f33a13372b141e171fd7c17acd0e36286f7b82bc37ae06a39c5580416ab41	TRUE	none	4c5f33a13372b141e171fd7c17acd0e36286f7b82bc37ae06a39c5580416ab41	4c5f33a13372b141e171fd7c17acd0e36286f7b82bc37ae06a39c5580416ab41	TRUE
hHotnet/cytoscape/v3_analysis2_network_2_hotnet_components.cx2	472bac0bc234ee800a51607074be39bd7b8dff852694e75de6cdd66e46df1950	472bac0bc234ee800a51607074be39bd7b8dff852694e75de6cdd66e46df1950	TRUE	none	472bac0bc234ee800a51607074be39bd7b8dff852694e75de6cdd66e46df1950	472bac0bc234ee800a51607074be39bd7b8dff852694e75de6cdd66e46df1950	TRUE
hHotnet/cytoscape/v3_analysis2_network_2_hotnet_components.cyjs.json	6e357ef5520d145ce9b36e33fd4fd1fa33ac342371985ded273b9213fa2262a2	15d3df14f257f0b24bf7ba77c21eef8475d3362aef753f05b2f4ea5106d3461e	FALSE	producer_name	15d3df14f257f0b24bf7ba77c21eef8475d3362aef753f05b2f4ea5106d3461e	15d3df14f257f0b24bf7ba77c21eef8475d3362aef753f05b2f4ea5106d3461e	TRUE
hHotnet/cytoscape/v3_analysis2_network_2_hotnet_components.graphml	cd5e8b1a019637e62c39e0a23e80e838f721fc722a41ba6d07dbb402911aeb31	cd5e8b1a019637e62c39e0a23e80e838f721fc722a41ba6d07dbb402911aeb31	TRUE	none	cd5e8b1a019637e62c39e0a23e80e838f721fc722a41ba6d07dbb402911aeb31	cd5e8b1a019637e62c39e0a23e80e838f721fc722a41ba6d07dbb402911aeb31	TRUE
hHotnet/results/network_1/clusters_network_1_nodes_all.tsv	076f2721258e1872f22f6998f1afe264dbc288f32a7eafd55098ae5b893fbf6b	076f2721258e1872f22f6998f1afe264dbc288f32a7eafd55098ae5b893fbf6b	TRUE	none	076f2721258e1872f22f6998f1afe264dbc288f32a7eafd55098ae5b893fbf6b	076f2721258e1872f22f6998f1afe264dbc288f32a7eafd55098ae5b893fbf6b	TRUE
hHotnet/results/network_2/clusters_network_2_nodes_all.tsv	b44053f1a60bff06faaf4510638e189d8666519d2475f97a099d788ec528d39f	b44053f1a60bff06faaf4510638e189d8666519d2475f97a099d788ec528d39f	TRUE	none	b44053f1a60bff06faaf4510638e189d8666519d2475f97a099d788ec528d39f	b44053f1a60bff06faaf4510638e189d8666519d2475f97a099d788ec528d39f	TRUE
hHotnet/summary/clusters/network_1/cluster_001_edges.tsv	8cd2fb14de3eef3637d45bbec565227bdcf65a2e5774f55b3aa7d48fce4a9d79	8cd2fb14de3eef3637d45bbec565227bdcf65a2e5774f55b3aa7d48fce4a9d79	TRUE	none	8cd2fb14de3eef3637d45bbec565227bdcf65a2e5774f55b3aa7d48fce4a9d79	8cd2fb14de3eef3637d45bbec565227bdcf65a2e5774f55b3aa7d48fce4a9d79	TRUE
hHotnet/summary/clusters/network_1/cluster_001_nodes.tsv	b52cd29411e139e861c6886beff88f0a7890120cdf7bddf6588707afdf2f7423	b52cd29411e139e861c6886beff88f0a7890120cdf7bddf6588707afdf2f7423	TRUE	none	b52cd29411e139e861c6886beff88f0a7890120cdf7bddf6588707afdf2f7423	b52cd29411e139e861c6886beff88f0a7890120cdf7bddf6588707afdf2f7423	TRUE
hHotnet/summary/clusters/network_1/cluster_002_edges.tsv	70bec696132c1f49500a0d365b984fb271f8642eac4a03f308a77d6770cfad0d	70bec696132c1f49500a0d365b984fb271f8642eac4a03f308a77d6770cfad0d	TRUE	none	70bec696132c1f49500a0d365b984fb271f8642eac4a03f308a77d6770cfad0d	70bec696132c1f49500a0d365b984fb271f8642eac4a03f308a77d6770cfad0d	TRUE
hHotnet/summary/clusters/network_1/cluster_002_nodes.tsv	4d2c8e8c3628f31f9954001838d3663a5d42f565e442c94c7ea1802eba6ac934	4d2c8e8c3628f31f9954001838d3663a5d42f565e442c94c7ea1802eba6ac934	TRUE	none	4d2c8e8c3628f31f9954001838d3663a5d42f565e442c94c7ea1802eba6ac934	4d2c8e8c3628f31f9954001838d3663a5d42f565e442c94c7ea1802eba6ac934	TRUE
hHotnet/summary/clusters/network_1/cluster_003_edges.tsv	65b401753675dcd64b4a415208cd1533c6dee4ec97f20ed7f54552425ab4ff3d	65b401753675dcd64b4a415208cd1533c6dee4ec97f20ed7f54552425ab4ff3d	TRUE	none	65b401753675dcd64b4a415208cd1533c6dee4ec97f20ed7f54552425ab4ff3d	65b401753675dcd64b4a415208cd1533c6dee4ec97f20ed7f54552425ab4ff3d	TRUE
hHotnet/summary/clusters/network_1/cluster_003_nodes.tsv	580e83b4bb2864b51c29e902858e3a35e101a6b88f48e894012e83bec6231b84	580e83b4bb2864b51c29e902858e3a35e101a6b88f48e894012e83bec6231b84	TRUE	none	580e83b4bb2864b51c29e902858e3a35e101a6b88f48e894012e83bec6231b84	580e83b4bb2864b51c29e902858e3a35e101a6b88f48e894012e83bec6231b84	TRUE
hHotnet/summary/clusters/network_1/cluster_004_edges.tsv	516b063e2d3f9ab36b2a2c7e2d6f1f486395bb39f3126cd2fcc12dee469b2ea0	516b063e2d3f9ab36b2a2c7e2d6f1f486395bb39f3126cd2fcc12dee469b2ea0	TRUE	none	516b063e2d3f9ab36b2a2c7e2d6f1f486395bb39f3126cd2fcc12dee469b2ea0	516b063e2d3f9ab36b2a2c7e2d6f1f486395bb39f3126cd2fcc12dee469b2ea0	TRUE
hHotnet/summary/clusters/network_1/cluster_004_nodes.tsv	d17446b10ebbd1a53755ee0bf1b6fba63f6f2f8fee0955c98970ab8bd22dba98	d17446b10ebbd1a53755ee0bf1b6fba63f6f2f8fee0955c98970ab8bd22dba98	TRUE	none	d17446b10ebbd1a53755ee0bf1b6fba63f6f2f8fee0955c98970ab8bd22dba98	d17446b10ebbd1a53755ee0bf1b6fba63f6f2f8fee0955c98970ab8bd22dba98	TRUE
hHotnet/summary/clusters/network_1/cluster_005_edges.tsv	b20fef2abd77f4f6602062d20b63bc9e77f5660e819437dc6eb422af7c241d8f	b20fef2abd77f4f6602062d20b63bc9e77f5660e819437dc6eb422af7c241d8f	TRUE	none	b20fef2abd77f4f6602062d20b63bc9e77f5660e819437dc6eb422af7c241d8f	b20fef2abd77f4f6602062d20b63bc9e77f5660e819437dc6eb422af7c241d8f	TRUE
hHotnet/summary/clusters/network_1/cluster_005_nodes.tsv	a1c2d1cd3485f6f5fd3307b84ba217a586dfc0094ba1ec931003486c8dc7ed8c	a1c2d1cd3485f6f5fd3307b84ba217a586dfc0094ba1ec931003486c8dc7ed8c	TRUE	none	a1c2d1cd3485f6f5fd3307b84ba217a586dfc0094ba1ec931003486c8dc7ed8c	a1c2d1cd3485f6f5fd3307b84ba217a586dfc0094ba1ec931003486c8dc7ed8c	TRUE
hHotnet/summary/clusters/network_1/cluster_006_edges.tsv	187e3e132f9776c3c45905bbd145ec612782b2a41c7483696d2f0e500cca436d	187e3e132f9776c3c45905bbd145ec612782b2a41c7483696d2f0e500cca436d	TRUE	none	187e3e132f9776c3c45905bbd145ec612782b2a41c7483696d2f0e500cca436d	187e3e132f9776c3c45905bbd145ec612782b2a41c7483696d2f0e500cca436d	TRUE
hHotnet/summary/clusters/network_1/cluster_006_nodes.tsv	065877c52bc72ced754117029bb5ac791b1919eaa71790aad2a223831b04c1ac	065877c52bc72ced754117029bb5ac791b1919eaa71790aad2a223831b04c1ac	TRUE	none	065877c52bc72ced754117029bb5ac791b1919eaa71790aad2a223831b04c1ac	065877c52bc72ced754117029bb5ac791b1919eaa71790aad2a223831b04c1ac	TRUE
hHotnet/summary/clusters/network_1/cluster_007_edges.tsv	c2298c8466a61cd8cd75e7eff1042314a7ea65e54f1c9cd45e20a8a79eabba1b	c2298c8466a61cd8cd75e7eff1042314a7ea65e54f1c9cd45e20a8a79eabba1b	TRUE	none	c2298c8466a61cd8cd75e7eff1042314a7ea65e54f1c9cd45e20a8a79eabba1b	c2298c8466a61cd8cd75e7eff1042314a7ea65e54f1c9cd45e20a8a79eabba1b	TRUE
hHotnet/summary/clusters/network_1/cluster_007_nodes.tsv	879f71d763abe5a1e4e87a38b2c65c22a68cd3315d59d5918483cf3beea28a02	879f71d763abe5a1e4e87a38b2c65c22a68cd3315d59d5918483cf3beea28a02	TRUE	none	879f71d763abe5a1e4e87a38b2c65c22a68cd3315d59d5918483cf3beea28a02	879f71d763abe5a1e4e87a38b2c65c22a68cd3315d59d5918483cf3beea28a02	TRUE
hHotnet/summary/clusters/network_1/cluster_008_edges.tsv	516b063e2d3f9ab36b2a2c7e2d6f1f486395bb39f3126cd2fcc12dee469b2ea0	516b063e2d3f9ab36b2a2c7e2d6f1f486395bb39f3126cd2fcc12dee469b2ea0	TRUE	none	516b063e2d3f9ab36b2a2c7e2d6f1f486395bb39f3126cd2fcc12dee469b2ea0	516b063e2d3f9ab36b2a2c7e2d6f1f486395bb39f3126cd2fcc12dee469b2ea0	TRUE
hHotnet/summary/clusters/network_1/cluster_008_nodes.tsv	07cde876f1d1785d3a88d0527b1df7a736ec8025dd9bf585296a6dc15ac28880	07cde876f1d1785d3a88d0527b1df7a736ec8025dd9bf585296a6dc15ac28880	TRUE	none	07cde876f1d1785d3a88d0527b1df7a736ec8025dd9bf585296a6dc15ac28880	07cde876f1d1785d3a88d0527b1df7a736ec8025dd9bf585296a6dc15ac28880	TRUE
hHotnet/summary/clusters/network_1/cluster_009_edges.tsv	314943391249752efc8a524e976ee5a4c8a64bf321db1763f4251515ba15be2c	314943391249752efc8a524e976ee5a4c8a64bf321db1763f4251515ba15be2c	TRUE	none	314943391249752efc8a524e976ee5a4c8a64bf321db1763f4251515ba15be2c	314943391249752efc8a524e976ee5a4c8a64bf321db1763f4251515ba15be2c	TRUE
hHotnet/summary/clusters/network_1/cluster_009_nodes.tsv	9a4b73d0c473a1d5f01d36a1806edc5bb59fb62763b9df69187c3241764bfd56	9a4b73d0c473a1d5f01d36a1806edc5bb59fb62763b9df69187c3241764bfd56	TRUE	none	9a4b73d0c473a1d5f01d36a1806edc5bb59fb62763b9df69187c3241764bfd56	9a4b73d0c473a1d5f01d36a1806edc5bb59fb62763b9df69187c3241764bfd56	TRUE
hHotnet/summary/clusters/network_1/cluster_010_edges.tsv	3595e7a0d37f4ba1c2ca172809e7647ac1adcbc73c6f00a144e46abf5ed58438	3595e7a0d37f4ba1c2ca172809e7647ac1adcbc73c6f00a144e46abf5ed58438	TRUE	none	3595e7a0d37f4ba1c2ca172809e7647ac1adcbc73c6f00a144e46abf5ed58438	3595e7a0d37f4ba1c2ca172809e7647ac1adcbc73c6f00a144e46abf5ed58438	TRUE
hHotnet/summary/clusters/network_1/cluster_010_nodes.tsv	7fafb048f2c608b8119bcba8dfb18055d6bffffc22c322f798d3f7ce299b04bf	7fafb048f2c608b8119bcba8dfb18055d6bffffc22c322f798d3f7ce299b04bf	TRUE	none	7fafb048f2c608b8119bcba8dfb18055d6bffffc22c322f798d3f7ce299b04bf	7fafb048f2c608b8119bcba8dfb18055d6bffffc22c322f798d3f7ce299b04bf	TRUE
hHotnet/summary/clusters/network_1/cluster_011_edges.tsv	516b063e2d3f9ab36b2a2c7e2d6f1f486395bb39f3126cd2fcc12dee469b2ea0	516b063e2d3f9ab36b2a2c7e2d6f1f486395bb39f3126cd2fcc12dee469b2ea0	TRUE	none	516b063e2d3f9ab36b2a2c7e2d6f1f486395bb39f3126cd2fcc12dee469b2ea0	516b063e2d3f9ab36b2a2c7e2d6f1f486395bb39f3126cd2fcc12dee469b2ea0	TRUE
hHotnet/summary/clusters/network_1/cluster_011_nodes.tsv	d6be3f0d193f414b42cde9b6134c1e0abff74310fea68223e1f8283a525fb882	d6be3f0d193f414b42cde9b6134c1e0abff74310fea68223e1f8283a525fb882	TRUE	none	d6be3f0d193f414b42cde9b6134c1e0abff74310fea68223e1f8283a525fb882	d6be3f0d193f414b42cde9b6134c1e0abff74310fea68223e1f8283a525fb882	TRUE
hHotnet/summary/clusters/network_1/cluster_table_manifest.tsv	3b93897f28b28983a888971d077b32e063ae5eaed7a96676fab4bbd0fecfb1c0	f093c94a18f1c0a26a0d02dbdd5a8b9a72e9276fee55c0946bf2bf8a4b8f1a10	FALSE	analysis_root	f21238519ccffd675638455716da944c7a8c52aacb87ce8ee89c97ee836b959e	f21238519ccffd675638455716da944c7a8c52aacb87ce8ee89c97ee836b959e	TRUE
hHotnet/summary/clusters/network_2/cluster_001_edges.tsv	09a155343ea74378a285a61d004703435099d76b7057745002da00b9b321a2d8	09a155343ea74378a285a61d004703435099d76b7057745002da00b9b321a2d8	TRUE	none	09a155343ea74378a285a61d004703435099d76b7057745002da00b9b321a2d8	09a155343ea74378a285a61d004703435099d76b7057745002da00b9b321a2d8	TRUE
hHotnet/summary/clusters/network_2/cluster_001_nodes.tsv	96ff38471410a2c55f5df7c747c313247d04f298913623440df802e4432b7fdb	96ff38471410a2c55f5df7c747c313247d04f298913623440df802e4432b7fdb	TRUE	none	96ff38471410a2c55f5df7c747c313247d04f298913623440df802e4432b7fdb	96ff38471410a2c55f5df7c747c313247d04f298913623440df802e4432b7fdb	TRUE
hHotnet/summary/clusters/network_2/cluster_002_edges.tsv	5626532b6451a079acc805c48207beca2d7bfc825e2946681915e2120aa2a69c	5626532b6451a079acc805c48207beca2d7bfc825e2946681915e2120aa2a69c	TRUE	none	5626532b6451a079acc805c48207beca2d7bfc825e2946681915e2120aa2a69c	5626532b6451a079acc805c48207beca2d7bfc825e2946681915e2120aa2a69c	TRUE
hHotnet/summary/clusters/network_2/cluster_002_nodes.tsv	171fd23e069a8d97dbdcd8244c41af646fdc10964f1254454b2cb1af8475ab55	171fd23e069a8d97dbdcd8244c41af646fdc10964f1254454b2cb1af8475ab55	TRUE	none	171fd23e069a8d97dbdcd8244c41af646fdc10964f1254454b2cb1af8475ab55	171fd23e069a8d97dbdcd8244c41af646fdc10964f1254454b2cb1af8475ab55	TRUE
hHotnet/summary/clusters/network_2/cluster_003_edges.tsv	5421ad1cf9e261fba801109ad4701f102094d8ec293995629ca7296e22cdc0de	5421ad1cf9e261fba801109ad4701f102094d8ec293995629ca7296e22cdc0de	TRUE	none	5421ad1cf9e261fba801109ad4701f102094d8ec293995629ca7296e22cdc0de	5421ad1cf9e261fba801109ad4701f102094d8ec293995629ca7296e22cdc0de	TRUE
hHotnet/summary/clusters/network_2/cluster_003_nodes.tsv	74216c5305acaf83e5d868c0163664b7b9cfd54487c94e19aba59324793758e3	74216c5305acaf83e5d868c0163664b7b9cfd54487c94e19aba59324793758e3	TRUE	none	74216c5305acaf83e5d868c0163664b7b9cfd54487c94e19aba59324793758e3	74216c5305acaf83e5d868c0163664b7b9cfd54487c94e19aba59324793758e3	TRUE
hHotnet/summary/clusters/network_2/cluster_004_edges.tsv	516b063e2d3f9ab36b2a2c7e2d6f1f486395bb39f3126cd2fcc12dee469b2ea0	516b063e2d3f9ab36b2a2c7e2d6f1f486395bb39f3126cd2fcc12dee469b2ea0	TRUE	none	516b063e2d3f9ab36b2a2c7e2d6f1f486395bb39f3126cd2fcc12dee469b2ea0	516b063e2d3f9ab36b2a2c7e2d6f1f486395bb39f3126cd2fcc12dee469b2ea0	TRUE
hHotnet/summary/clusters/network_2/cluster_004_nodes.tsv	e8b68e1eb8ec1297bff71678b3221f1413468058a8b688c5d51ba132115839e6	e8b68e1eb8ec1297bff71678b3221f1413468058a8b688c5d51ba132115839e6	TRUE	none	e8b68e1eb8ec1297bff71678b3221f1413468058a8b688c5d51ba132115839e6	e8b68e1eb8ec1297bff71678b3221f1413468058a8b688c5d51ba132115839e6	TRUE
hHotnet/summary/clusters/network_2/cluster_005_edges.tsv	e9880eb0760632087bb18ccc8631cadcba8cc04fec7bb3577067c9d7b8298cad	e9880eb0760632087bb18ccc8631cadcba8cc04fec7bb3577067c9d7b8298cad	TRUE	none	e9880eb0760632087bb18ccc8631cadcba8cc04fec7bb3577067c9d7b8298cad	e9880eb0760632087bb18ccc8631cadcba8cc04fec7bb3577067c9d7b8298cad	TRUE
hHotnet/summary/clusters/network_2/cluster_005_nodes.tsv	557bcb56db263e2a5c009c1c1d3e06c0f6de55b2d3fc4a6abc28aa0284a881cb	557bcb56db263e2a5c009c1c1d3e06c0f6de55b2d3fc4a6abc28aa0284a881cb	TRUE	none	557bcb56db263e2a5c009c1c1d3e06c0f6de55b2d3fc4a6abc28aa0284a881cb	557bcb56db263e2a5c009c1c1d3e06c0f6de55b2d3fc4a6abc28aa0284a881cb	TRUE
hHotnet/summary/clusters/network_2/cluster_006_edges.tsv	8c8e7314864e0cf2c357e74ee183955ecf440b0d993e8eaae29f83ac1c5a5b5a	8c8e7314864e0cf2c357e74ee183955ecf440b0d993e8eaae29f83ac1c5a5b5a	TRUE	none	8c8e7314864e0cf2c357e74ee183955ecf440b0d993e8eaae29f83ac1c5a5b5a	8c8e7314864e0cf2c357e74ee183955ecf440b0d993e8eaae29f83ac1c5a5b5a	TRUE
hHotnet/summary/clusters/network_2/cluster_006_nodes.tsv	5e761697915b3d0f9cd461aa715f33f54941969d4707609513445c33dc233e40	5e761697915b3d0f9cd461aa715f33f54941969d4707609513445c33dc233e40	TRUE	none	5e761697915b3d0f9cd461aa715f33f54941969d4707609513445c33dc233e40	5e761697915b3d0f9cd461aa715f33f54941969d4707609513445c33dc233e40	TRUE
hHotnet/summary/clusters/network_2/cluster_007_edges.tsv	6b88fbcf552a6b550efa95bd9d772b8d9483315d469ae31db9cf6cfecae79567	6b88fbcf552a6b550efa95bd9d772b8d9483315d469ae31db9cf6cfecae79567	TRUE	none	6b88fbcf552a6b550efa95bd9d772b8d9483315d469ae31db9cf6cfecae79567	6b88fbcf552a6b550efa95bd9d772b8d9483315d469ae31db9cf6cfecae79567	TRUE
hHotnet/summary/clusters/network_2/cluster_007_nodes.tsv	718928e1cd0b111e11aa893acc628a53472e128541ba0905babde1a2be62afcc	718928e1cd0b111e11aa893acc628a53472e128541ba0905babde1a2be62afcc	TRUE	none	718928e1cd0b111e11aa893acc628a53472e128541ba0905babde1a2be62afcc	718928e1cd0b111e11aa893acc628a53472e128541ba0905babde1a2be62afcc	TRUE
hHotnet/summary/clusters/network_2/cluster_008_edges.tsv	516b063e2d3f9ab36b2a2c7e2d6f1f486395bb39f3126cd2fcc12dee469b2ea0	516b063e2d3f9ab36b2a2c7e2d6f1f486395bb39f3126cd2fcc12dee469b2ea0	TRUE	none	516b063e2d3f9ab36b2a2c7e2d6f1f486395bb39f3126cd2fcc12dee469b2ea0	516b063e2d3f9ab36b2a2c7e2d6f1f486395bb39f3126cd2fcc12dee469b2ea0	TRUE
hHotnet/summary/clusters/network_2/cluster_008_nodes.tsv	25dc12967e7d3e754aa1cf0514514855eb934181bcf80be59a0f7f10ce4bce50	25dc12967e7d3e754aa1cf0514514855eb934181bcf80be59a0f7f10ce4bce50	TRUE	none	25dc12967e7d3e754aa1cf0514514855eb934181bcf80be59a0f7f10ce4bce50	25dc12967e7d3e754aa1cf0514514855eb934181bcf80be59a0f7f10ce4bce50	TRUE
hHotnet/summary/clusters/network_2/cluster_009_edges.tsv	c291679cd0d4b98a8519ea032c9c404712269ad4feda93128c3db4a36561e263	c291679cd0d4b98a8519ea032c9c404712269ad4feda93128c3db4a36561e263	TRUE	none	c291679cd0d4b98a8519ea032c9c404712269ad4feda93128c3db4a36561e263	c291679cd0d4b98a8519ea032c9c404712269ad4feda93128c3db4a36561e263	TRUE
hHotnet/summary/clusters/network_2/cluster_009_nodes.tsv	6fd1f00773ec06f992d4cc850b2f85099946d46bc64806bc262abc68da55ba75	6fd1f00773ec06f992d4cc850b2f85099946d46bc64806bc262abc68da55ba75	TRUE	none	6fd1f00773ec06f992d4cc850b2f85099946d46bc64806bc262abc68da55ba75	6fd1f00773ec06f992d4cc850b2f85099946d46bc64806bc262abc68da55ba75	TRUE
hHotnet/summary/clusters/network_2/cluster_010_edges.tsv	6b1c7258fd91cb86dd99ee532c4871e8a704566c39af48c9f32549edf23b7c72	6b1c7258fd91cb86dd99ee532c4871e8a704566c39af48c9f32549edf23b7c72	TRUE	none	6b1c7258fd91cb86dd99ee532c4871e8a704566c39af48c9f32549edf23b7c72	6b1c7258fd91cb86dd99ee532c4871e8a704566c39af48c9f32549edf23b7c72	TRUE
hHotnet/summary/clusters/network_2/cluster_010_nodes.tsv	35368309469cfcbf008f1f5a45f2ecbea5a1422827da28fabff1693fd4581e66	35368309469cfcbf008f1f5a45f2ecbea5a1422827da28fabff1693fd4581e66	TRUE	none	35368309469cfcbf008f1f5a45f2ecbea5a1422827da28fabff1693fd4581e66	35368309469cfcbf008f1f5a45f2ecbea5a1422827da28fabff1693fd4581e66	TRUE
hHotnet/summary/clusters/network_2/cluster_011_edges.tsv	516b063e2d3f9ab36b2a2c7e2d6f1f486395bb39f3126cd2fcc12dee469b2ea0	516b063e2d3f9ab36b2a2c7e2d6f1f486395bb39f3126cd2fcc12dee469b2ea0	TRUE	none	516b063e2d3f9ab36b2a2c7e2d6f1f486395bb39f3126cd2fcc12dee469b2ea0	516b063e2d3f9ab36b2a2c7e2d6f1f486395bb39f3126cd2fcc12dee469b2ea0	TRUE
hHotnet/summary/clusters/network_2/cluster_011_nodes.tsv	e9e3f7aa1a966daaa078957606fec2addaf400966d312465305890d3b9fcea1c	e9e3f7aa1a966daaa078957606fec2addaf400966d312465305890d3b9fcea1c	TRUE	none	e9e3f7aa1a966daaa078957606fec2addaf400966d312465305890d3b9fcea1c	e9e3f7aa1a966daaa078957606fec2addaf400966d312465305890d3b9fcea1c	TRUE
hHotnet/summary/clusters/network_2/cluster_table_manifest.tsv	6e097000cc50315e94cc8af046a780af21cac48fe04e922415ed70dfc633fa1c	2a3c4b8fd85aeba49fead1ad3ef50d342492878fbb5f1a406f6aa225a9e655eb	FALSE	analysis_root	6d2eb0d144c766b6c88d6ae23fdd5cdc3b913a0304afab400e204fe6c53a8390	6d2eb0d144c766b6c88d6ae23fdd5cdc3b913a0304afab400e204fe6c53a8390	TRUE
