path	reference_sha256	candidate_sha256	identical
hHotnet/data/aracne_edges.tsv	3353583d02fe5d441ffe50f71ca76b3b54f0754c82d676f1fa5540606ecc59f8	3353583d02fe5d441ffe50f71ca76b3b54f0754c82d676f1fa5540606ecc59f8	TRUE
hHotnet/data/network_1_edge_list_full.tsv	147998f0ac10f1c95a63834062abf952ce6ea7d081bcb4d1b5d3bf252df4207c	147998f0ac10f1c95a63834062abf952ce6ea7d081bcb4d1b5d3bf252df4207c	TRUE
hHotnet/data/network_1_edge_list.tsv	dd352ebd3ac660a20ba39e310359df84fccac8223e1cd1939cf5fa31eb550f60	dd352ebd3ac660a20ba39e310359df84fccac8223e1cd1939cf5fa31eb550f60	TRUE
hHotnet/data/network_1_edge_metadata.tsv	309753514d323347ea46a6b085721a6d9947dec3a3b1ab431fa2f0d3e0457959	309753514d323347ea46a6b085721a6d9947dec3a3b1ab431fa2f0d3e0457959	TRUE
hHotnet/data/network_1_index_gene.tsv	c8f18091309ca513f0512a55fe4e136d6a4f80f27946ddc13fdd3cd0437a0adf	c8f18091309ca513f0512a55fe4e136d6a4f80f27946ddc13fdd3cd0437a0adf	TRUE
hHotnet/data/network_2_edge_list_full.tsv	1386b3d7166b1c74c8d96da946b6895cf2e8dcd171a0a9778493798a48c4e5a0	1386b3d7166b1c74c8d96da946b6895cf2e8dcd171a0a9778493798a48c4e5a0	TRUE
hHotnet/data/network_2_edge_list.tsv	ffb074f58ac0a4b5060e2705a7e37d451d05e8071f3a9a591b6da2a938316f50	ffb074f58ac0a4b5060e2705a7e37d451d05e8071f3a9a591b6da2a938316f50	TRUE
hHotnet/data/network_2_edge_metadata.tsv	38a229bbbe666d7e4932b262da1e5998a91e4651adeed378af5c5a92fb6e1124	38a229bbbe666d7e4932b262da1e5998a91e4651adeed378af5c5a92fb6e1124	TRUE
hHotnet/data/network_2_index_gene.tsv	1c0764187aab411549839a5be6e84fd7573b649b899464dd7cfafa1c93f83bb4	1c0764187aab411549839a5be6e84fd7573b649b899464dd7cfafa1c93f83bb4	TRUE
hHotnet/data/nodes_all_info.tsv	b472499672721bbceee3b4bac076c79231685895325ee97b641978e0e2dcd3e1	b472499672721bbceee3b4bac076c79231685895325ee97b641978e0e2dcd3e1	TRUE
hHotnet/data/nodes_all.tsv	aa023380cda4cbae4be0fca33d838efafd50e3d4ee0daff08e1c652d7ae9c13c	aa023380cda4cbae4be0fca33d838efafd50e3d4ee0daff08e1c652d7ae9c13c	TRUE
hHotnet/data/regulatory_edges.tsv	c0af9a0ed1a113be88a78b00938f80f425d7ea8c678251dd96303f51e9a541e5	c0af9a0ed1a113be88a78b00938f80f425d7ea8c678251dd96303f51e9a541e5	TRUE
