path	identical
hHotnet/cytoscape/export_manifest.tsv	TRUE
hHotnet/cytoscape/v3_analysis2_network_1_hotnet_components_edges.tsv	TRUE
hHotnet/cytoscape/v3_analysis2_network_1_hotnet_components_nodes.tsv	TRUE
hHotnet/cytoscape/v3_analysis2_network_1_hotnet_components.cx2	TRUE
hHotnet/cytoscape/v3_analysis2_network_1_hotnet_components.cyjs.json	TRUE
hHotnet/cytoscape/v3_analysis2_network_1_hotnet_components.graphml	TRUE
hHotnet/cytoscape/v3_analysis2_network_2_hotnet_components_edges.tsv	TRUE
hHotnet/cytoscape/v3_analysis2_network_2_hotnet_components_nodes.tsv	TRUE
hHotnet/cytoscape/v3_analysis2_network_2_hotnet_components.cx2	TRUE
hHotnet/cytoscape/v3_analysis2_network_2_hotnet_components.cyjs.json	TRUE
hHotnet/cytoscape/v3_analysis2_network_2_hotnet_components.graphml	TRUE
hHotnet/results/network_1/clusters_network_1_nodes_all.tsv	TRUE
hHotnet/results/network_2/clusters_network_2_nodes_all.tsv	TRUE
hHotnet/summary/clusters/network_1/cluster_001_edges.tsv	TRUE
hHotnet/summary/clusters/network_1/cluster_001_nodes.tsv	TRUE
hHotnet/summary/clusters/network_1/cluster_002_edges.tsv	TRUE
hHotnet/summary/clusters/network_1/cluster_002_nodes.tsv	TRUE
hHotnet/summary/clusters/network_1/cluster_003_edges.tsv	TRUE
hHotnet/summary/clusters/network_1/cluster_003_nodes.tsv	TRUE
hHotnet/summary/clusters/network_1/cluster_004_edges.tsv	TRUE
hHotnet/summary/clusters/network_1/cluster_004_nodes.tsv	TRUE
hHotnet/summary/clusters/network_1/cluster_005_edges.tsv	TRUE
hHotnet/summary/clusters/network_1/cluster_005_nodes.tsv	TRUE
hHotnet/summary/clusters/network_1/cluster_006_edges.tsv	TRUE
hHotnet/summary/clusters/network_1/cluster_006_nodes.tsv	TRUE
hHotnet/summary/clusters/network_1/cluster_007_edges.tsv	TRUE
hHotnet/summary/clusters/network_1/cluster_007_nodes.tsv	TRUE
hHotnet/summary/clusters/network_1/cluster_008_edges.tsv	TRUE
hHotnet/summary/clusters/network_1/cluster_008_nodes.tsv	TRUE
hHotnet/summary/clusters/network_1/cluster_009_edges.tsv	TRUE
hHotnet/summary/clusters/network_1/cluster_009_nodes.tsv	TRUE
hHotnet/summary/clusters/network_1/cluster_010_edges.tsv	TRUE
hHotnet/summary/clusters/network_1/cluster_010_nodes.tsv	TRUE
hHotnet/summary/clusters/network_1/cluster_011_edges.tsv	TRUE
hHotnet/summary/clusters/network_1/cluster_011_nodes.tsv	TRUE
hHotnet/summary/clusters/network_1/cluster_table_manifest.tsv	TRUE
hHotnet/summary/clusters/network_2/cluster_001_edges.tsv	TRUE
hHotnet/summary/clusters/network_2/cluster_001_nodes.tsv	TRUE
hHotnet/summary/clusters/network_2/cluster_002_edges.tsv	TRUE
hHotnet/summary/clusters/network_2/cluster_002_nodes.tsv	TRUE
hHotnet/summary/clusters/network_2/cluster_003_edges.tsv	TRUE
hHotnet/summary/clusters/network_2/cluster_003_nodes.tsv	TRUE
hHotnet/summary/clusters/network_2/cluster_004_edges.tsv	TRUE
hHotnet/summary/clusters/network_2/cluster_004_nodes.tsv	TRUE
hHotnet/summary/clusters/network_2/cluster_005_edges.tsv	TRUE
hHotnet/summary/clusters/network_2/cluster_005_nodes.tsv	TRUE
hHotnet/summary/clusters/network_2/cluster_006_edges.tsv	TRUE
hHotnet/summary/clusters/network_2/cluster_006_nodes.tsv	TRUE
hHotnet/summary/clusters/network_2/cluster_007_edges.tsv	TRUE
hHotnet/summary/clusters/network_2/cluster_007_nodes.tsv	TRUE
hHotnet/summary/clusters/network_2/cluster_008_edges.tsv	TRUE
hHotnet/summary/clusters/network_2/cluster_008_nodes.tsv	TRUE
hHotnet/summary/clusters/network_2/cluster_009_edges.tsv	TRUE
hHotnet/summary/clusters/network_2/cluster_009_nodes.tsv	TRUE
hHotnet/summary/clusters/network_2/cluster_010_edges.tsv	TRUE
hHotnet/summary/clusters/network_2/cluster_010_nodes.tsv	TRUE
hHotnet/summary/clusters/network_2/cluster_011_edges.tsv	TRUE
hHotnet/summary/clusters/network_2/cluster_011_nodes.tsv	TRUE
hHotnet/summary/clusters/network_2/cluster_table_manifest.tsv	TRUE
