gene	source	original_symbol	Hsym
C11orf48	JEME	LBHD1	LBHD1
C11orf48	JEME	C11orf98	LBHD1
MEGT1	JEME	LY6G6D	LY6G6D
MEGT1	JEME	LY6G6F-LY6G6D	LY6G6D
C11orf48	HiC_PO	C11orf98	LBHD1
C11orf48	HiC_PO	LBHD1	LBHD1
MEGT1	HiC_PO	LY6G6D	LY6G6D
MEGT1	HiC_PO	LY6G6F-LY6G6D	LY6G6D
C11orf48	HiC_PP_Pro	LBHD1	LBHD1
C11orf48	HiC_PP_Pro	C11orf98	LBHD1
MEGT1	HiC_PP_Pro	LY6G6F-LY6G6D	LY6G6D
MEGT1	HiC_PP_Pro	LY6G6D	LY6G6D
C11orf48	HiC_PP_B	LBHD1	LBHD1
C11orf48	HiC_PP_B	C11orf98	LBHD1
MEGT1	HiC_PP_B	LY6G6D	LY6G6D
MEGT1	HiC_PP_B	LY6G6F-LY6G6D	LY6G6D
